,address,addressNumber,bikes,district,id,lat,lon,name,nearbyStations,slots,stationType,status,zip,Colonia
0,001 - Río Sena-Río Balsas,S/N,12,CUA,1,19.433571399999998,-99.16780909999999,1 RIO SENA-RIO BALSAS,"3,8,85",15,"BIKE,TPV",OPN,06500,CUAUHTEMOC
1,002 - Río Guadalquivir - Río Balsas,S/N,2,CUA,2,19.431386,-99.171695,2 RIO GUADALQUIVIR-RIO BALSAS,"1,5",10,BIKE,OPN,06500,CUAUHTEMOC
2,003 - Reforma - Insurgentes,S/N,9,1,3,19.431655,-99.158668,3 REFORMA-INSURGENTES,"8,20,86",27,"BIKE,TPV",OPN,06500,TABACALERA
3,004 - Río Nilo - Río Panuco,S/N,3,CUA,4,19.428309,-99.171713,4 RIO NILO-RIO PANUCO,"5,8,9,10",12,BIKE,OPN,06500,CUAUHTEMOC
4,005 - Río Pánuco Río Tiber,S/N,12,CUA,5,19.42972,-99.169363,5 RIO PANUCO-RIO TIBER,"2,4,9,10",0,BIKE,OPN,06500,CUAUHTEMOC
5,006 - Río Pánuco - Río Sena,S/N,11,CUA,6,19.430922,-99.16695899999999,6 RIO PANUCO-RIO SENA,"1,3,5,10",3,BIKE,OPN,06500,CUAUHTEMOC
6,007 - Río Elba - Río Lerma,S/N,17,CUA,7,19.425468,-99.175166,7 RIO ELBA-RIO LERMA,"13,14,21,28",7,BIKE,OPN,06500,CUAUHTEMOC
7,008 - Reforma - General Prim,S/N,2,TAB,8,19.431141,-99.15831700000001,8 REFORMA-GENERAL PRIM,"3,20,86",10,BIKE,OPN,06500,JUAREZ
8,009 - Río Guadalquivir - Río Lerma,S/N,7,CUA,9,19.428009,-99.16991800000001,9 RIO GUADALQUIVIR-RIO LERMA,"4,5,8,16",17,BIKE,OPN,06500,CUAUHTEMOC
9,010 - Reforma - Ramírez,S/N,11,TAB,10,19.433321,-99.154752,10 REFORMA-RAMIREZ,26,24,"BIKE,TPV",OPN,06500,TABACALERA
10,011 - Río Amazonas - Rio Lerma,S/N,11,CUA,11,19.430992,-99.163593,11 RIO AMAZONAS-RIO LERMA,"3,12,19",4,BIKE,OPN,06500,CUAUHTEMOC
11,012 - Río Lerma - Villalongin,S/N,9,1,12,19.432313,-99.161597,12 RIO LERMA-VILLALONGIN,"11,19,20,85",6,BIKE,OPN,06500,CUAUHTEMOC
12,013 - Reforma - Rio Mississippi,S/N,17,1,13,19.42502,-99.17231,13 REFORMA-RIO MISSISSIPPI,"7,14,21",18,"BIKE,TPV",OPN,06500,CUAUHTEMOC
13,014 - Reforma - Rio de Plata,S/N,21,CUA,14,19.424768,-99.173261,14 REFORMA-RIO DE PLATA,"13,21,22,28",14,BIKE,OPN,06500,CUAUHTEMOC
14,015 - Reforma - Rio Mississippi,S/N,4,CUA,15,19.425476999999997,-99.17156700000001,15 REFORMA-RIO MISSISSIPPI,"14,16,22,23",20,"BIKE,TPV",OPN,06500,CUAUHTEMOC
15,016 - Reforma - Rio Tiber,S/N,11,1,16,19.427226,-99.168242,16 REFORMA-RÍO TIBER,"9,23,24",24,BIKE,OPN,06500,CUAUHTEMOC
16,017 - Reforma - Rio Tiber,S/N,12,1,17,19.427501,-99.167125,17 REFORMA-RIO TIBER,"16,18,25",14,"BIKE,TPV",OPN,06500,CUAUHTEMOC
17,018 - Reforma - Río Rhin,S/N,23,CUA,18,19.42888,-99.164176,18 REFORMA-RIO RHIN,"17,25",13,"BIKE,TPV",OPN,06500,CUAUHTEMOC
18,019 - Reforma - Río Rhin,S/N,4,1,19,19.429241,-99.163377,19 REFORMA-RIO RHIN,"12,20,27",20,"BIKE,TPV",OPN,06500,CUAUHTEMOC
19,020 - Reforma- Rio Tamesis,S/N,7,CUA,20,19.430964000000003,-99.160206,20 REFORMA-RIO TAMESIS,"12,19,27",17,BIKE,OPN,06500,CUAUHTEMOC
20,021 - Reforma - Dublin,S/N,11,1,21,19.42472,-99.17206,21 REFORMA-DUBLIN,"7,13,14,28",13,"BIKE,TPV",OPN,06500,JUAREZ
21,022 - Reforma - Manchester,S/N,29,JUA,22,19.424375,-99.172575,22 REFORMA-MANCHESTER,"14,15,23,28",7,"BIKE,TPV",OPN,06500,JUAREZ
22,023 - Reforma - Praga,S/N,18,JUA,23,19.42517,-99.17105,23 REFORMA-PRAGA,"15,16,22",18,BIKE,OPN,06500,CUAUHTEMOC
23,024 - Reforma- Varsovia,S/N,19,JUA,24,19.426470000000002,-99.16821999999999,24 REFORMA-VARSOVIA,"16,23",8,"BIKE,TPV",OPN,06500,CUAUHTEMOC
24,025 - Reforma - Estocolmo,S/N,16,JUA,25,19.427317000000002,-99.166662,25 REFORMA-ESTOCOLMO,"17,18",8,BIKE,OPN,06500,CUAUHTEMOC
25,026 - Reforma - Versalles,S/N,14,JUA,26,19.432685,-99.154726,26 REFORMA-VERSALLES,10,4,"BIKE,TPV",OPN,06500,JUAREZ
26,027 - Reforma- Havre,S/N,6,JUA,27,19.429115,-99.162614,27 REFORMA-HAVRE,"19,26,31",30,"BIKE,TPV",OPN,06500,CUAUHTEMOC
27,028 - Toledo- Tokio,S/N,8,JUA,28,19.423542,-99.172494,28 TOLEDO-TOKIO,"14,21,22",19,BIKE,OPN,06500,JUAREZ
28,029 - Reforma - Bucareli,S/N,7,CEN,29,19.434913,-99.149939,29 REFORMA-BUCARELI,41,27,"BIKE,TPV",OPN,06500,CENTRO
29,030 - Hamburgo - Genova,S/N,8,JUA,30,19.426442,-99.164323,30 HAMBURGO-GENOVA,"26,34,35",28,"BIKE,TPV",OPN,06500,JUAREZ
30,031 - Hamburgo - Insurgentes,S/N,29,JUA,31,19.427838,-99.16119300000001,31 HAMBURGO-INSURGENTES,"19,27,30",1,BIKE,OPN,06500,JUAREZ
31,032 - Londres - Sevilla,S/N,14,JUA,32,19.422705,-99.169922,32 LONDRES-SEVILLA,"22,38,39",22,BIKE,OPN,06500,JUAREZ
32,033 - Londres - Florencia,S/N,3,JUA,33,19.424234,-99.166431,E33 LONDRES-FLORENCIA,"34,35,449",21,ELECTRIC_BIKE,OPN,06500,JUAREZ
33,034 - Liverpool - Genova,S/N,3,JUA,34,19.424725,-99.163331,34 LIVERPOOL-GENOVA,"30,33,35",33,BIKE,OPN,05600,JUAREZ
34,035 - Liverpool - Genova,S/N,4,JUA,35,19.424674,-99.163292,35 LIVERPOOL-GENOVA,"30,34,40",32,"BIKE,TPV",OPN,06500,JUAREZ
35,036 - Puebla - Veracruz,S/N,2,1,36,19.419725,-99.17577800000001,36 PUEBLA-VERACRUZ,"37,41,44",31,"BIKE,TPV",OPN,06140,ROMA NORTE
36,037 - Guadalajara - Puebla,S/N,19,R-N,37,19.420419,-99.172676,37 GUADALAJARA-PUEBLA,"28,38,45",2,BIKE,OPN,06700,ROMA NORTE
37,038 - Cozumel - PUEBLA,S/N,7,R-N,38,19.420801,-99.17140699999999,38 COZUMEL-PUEBLA,"28,32,37",29,BIKE,OPN,06700,ROMA NORTE
38,039 - Puebla - Medellín,S/N,5,R-N,39,19.421758999999998,-99.16694,39 PUEBLA-MEDELLÍN,"33,42,48",16,BIKE,OPN,06700,ROMA NORTE
39,040 - Oaxaca - Puebla,S/N,8,R-N,40,19.42223,-99.16429699999999,40 OAXACA-PUEBLA,"35,42",15,BIKE,OPN,06700,ROMA NORTE
40,041 - Reforma - Av. de la República,S/N,8,1,41,19.435637,-99.150137,41 REFORMA-AV. DE LA REPUBLICA,29,28,"BIKE,TPV",OPN,06700,TABACALERA
41,042 - Sinaloa - Valladolid,S/N,13,R-N,42,19.420472,-99.168238,42 SINALOA-VALLADOLID,"39,47,48,51",11,BIKE,OPN,06700,ROMA NORTE
42,043 - Revillagigedo - Juárez,S/N,21,CEN,43,19.435228,-99.146063,43 JUAREZ-REVILLAGIGEDO,"52,82",11,"BIKE,TPV",OPN,06700,CENTRO
43,044 - Durango - Veracruz,S/N,6,R-N,44,19.418057,-99.174761,44 DURANGO-VERACRUZ,"36,41,49,50",21,BIKE,OPN,06140,ROMA NORTE
44,045 - Durango - Sonora,S/N,20,R-N,45,19.418649,-99.172127,45 DURANGO-SONORA,"37,38,41,46",15,"BIKE,TPV",OPN,06700,ROMA NORTE
45,046 - Durango - Salamanca,S/N,27,R-N,46,19.419214,-99.169732,46 DURANGO-SALAMANCA,"42,45,51,54",8,BIKE,OPN,06700,ROMA NORTE
46,047 - Glorieta Cibeles - Oaxaca,S/N,2,1,47,19.419515,-99.166299,47 GLORIETA CIBELES-OAXACA,"42,51,56",22,"BIKE,TPV",OPN,06700,ROMA NORTE
47,048 - Independencia - Azueta,S/N,10,CEN,48,19.433685999999998,-99.146557,48 INDEPENDENCIA-AZUETA,"43,82",2,BIKE,OPN,06700,CENTRO
48,049 - Mazatlán - Juan de la Barrera,S/N,4,CON,49,19.416712,-99.17570400000001,49 MAZATLAN-JUAN DE LA BARRERA,"41,44,50,60",32,BIKE,OPN,06140,CONDESA
49,050 - Cuernavaca - Veracruz,S/N,13,CON,50,19.416938000000002,-99.173648,50 CUERNAVACA-VERACRUZ,"44,49,57,58",14,BIKE,OPN,06140,CONDESA
50,051 - Colima - Oaxaca,S/N,9,R-N,51,19.417995,-99.16824799999999,51 COLIMA-OAXACA,"46,47,55,58",18,BIKE,OPN,06700,ROMA NORTE
51,052 - Dolores - Juárez,S/N,7,CEN,52,19.436235999999997,-99.142039,52 HIDALGO-TRUJANO,43,14,"BIKE,TPV",OPN,06140,CENTRO
52,053 - Fernando Montes de Oca - Tula,S/N,9,CON,53,19.414773,-99.178433,53 FERNANDO MONTES DE OCA-TULA,"52,60,65,66",6,BIKE,OPN,06140,CONDESA
53,054 - Parque España - Sonora,S/N,14,CON,54,19.416215,-99.170825,54 PARQUE ESPAÑA-SONORA,"50,51,58,63",22,"BIKE,TPV",OPN,06700,ROMA NORTE
54,055 - 5 de Mayo - Bolívar,S/N,5,1,55,19.434356,-99.138064,55 5 DE MAYO-BOLIVAR,"65,87,88",9,"BIKE,TPV",OPN,06700,CENTRO
55,056 - Alvaro Obregón - Medellin,S/N,10,R-N,56,19.416959,-99.165702,56 ALVARO OBREGON-MEDELLIN,"47,51,55,59",26,BIKE,OPN,06700,ROMA NORTE
56,057 - Cuernavaca - Juan Escutia,S/N,1,1,57,19.414903,-99.17495,57 CUERNAVACA-JUAN ESCUTIA,"48,49,50,62",11,BIKE,OPN,06140,CONDESA
57,058 - Parque España - Juan de la Barrera,S/N,10,CON,58,19.41568,-99.17179300000001,58 PARQUE ESPAÑA-JUAN DE LA BARRERA,"50,54,61,63",17,BIKE,OPN,06140,CONDESA
58,059 - Popocatépetl - Amsterdam,S/N,1,HIP,59,19.415121,-99.166661,59 POPOCATEPETL-AMSTERDAM,"55,56,61,64",35,BIKE,OPN,06100,HIPODROMO
59,060 - Mazatlán - Fernando Montes de Oca,S/N,1,CON,60,19.414191,-99.177123,60 MAZATLAN-FERNANDO MONTES DE OCA,"23,52,62,66",34,BIKE,OPN,06140,CONDESA
60,061 - Avenida México - Sonora,S/N,17,HIP,61,19.413742000000003,-99.169525,61 AVENIDA MEXICO-SONORA,"59,63,64,70",19,"BIKE,TPV",OPN,06100,HIPODROMO
61,062 - Fernando Montes de Oca - Amatlan,S/N,17,CON,62,19.413322,-99.175202,62 FERNANDO MONTES DE OCA-AMATLAN,"67,71,74",1,BIKE,OPN,06140,CONDESA
62,063 - Nuevo León - Laredo,S/N,9,1,63,19.413681,-99.171531,63 NUEVO LEON- LAREDO,"70,76,77",27,"BIKE,TPV",OPN,06100,CONDESA
63,064 - Sonora - Amsterdam,S/N,6,HIP,64,19.412876999999998,-99.166986,64 SONORA-AMSTERDAM,"59,61,69",30,BIKE,OPN,06100,HIPODROMO
64,065 - Marconi - Tacuba,S/N,5,CEN,65,19.436142,-99.13990600000001,65 MARCONI-TACUBA,"52,55",13,"BIKE,TPV",OPN,06170,CENTRO
65,066 - Mazatlán - Francisco Marquez,S/N,0,1,66,19.411402,-99.178666,66 MAZATLAN-FRANCISCO MARQUEZ,"65,72",27,BIKE,OPN,06170,CONDESA
66,067 - Vicente Suárez - Michoacan,S/N,9,CON,67,19.411797,-99.17588,67 VICENTE SUAREZ-MICHOACAN,"62,66,68",15,BIKE,OPN,06170,CONDESA
67,068 - Tamaulipas - Michoacan,S/N,23,CON,68,19.411556,-99.17406,68 TAMAULIPAS-MICHOACAN,"67,71,74",7,"BIKE,TPV",OPN,06170,CONDESA
68,069 - Michoacán - Amsterdam,S/N,17,HIP,69,19.410733,-99.168111,69 MICHOACAN-AMSTERDAM,"70,76,77",4,BIKE,OPN,06100,HIPODROMO
69,070 - Parque México - Michoacan,S/N,12,1,70,19.411272,-99.169718,70 PARQUE MEXICO-MICHOACAN,"69,71,76",24,"BIKE,TPV",OPN,06100,HIPODROMO
70,071 - Amsterdam - Michoacan,S/N,18,HIP,71,19.411423000000003,-99.171351,71 AMSTERDAM-MICHOACAN,"70,74,76",18,BIKE,OPN,06100,HIPODROMO
71,072 - Mazatlán - Alfonso Reyes,S/N,11,1,72,19.409893,-99.17954399999999,72 MAZATLAN-ALFONSO REYES,"65,66,75",16,BIKE,OPN,06170,HIPODROMO DE LA CONDESA
72,073 - Campeche - Tamaulipas,S/N,0,H-C,73,19.410245,-99.175612,73 CAMPECHE-TAMAULIPAS,"67,68,75",36,BIKE,OPN,06170,HIPODROMO DE LA CONDESA
73,074 - Nuevo León - Ozulama,S/N,3,1,74,19.410343,-99.172831,74 NUEVO LEON-OZULAMA,"63,68,71",24,BIKE,OPN,06100,HIPODROMO
74,075 - Alfonso Reyes - Atlixco,S/N,3,H-C,75,19.408722,-99.17669000000001,75 ALFONSO REYES-ATLIXCO,"73,77,78",12,BIKE,OPN,06170,HIPODROMO DE LA CONDESA
75,076 - Chilpancingo - Campeche,S/N,4,HIP,76,19.408735999999998,-99.169913,76 CHILPANCINGO-CAMPECHE,"70,71,74",17,BIKE,OPN,06100,HIPODROMO
76,077 - Choapan - Tamaulipas,S/N,13,HIP,77,19.406765,-99.178321,77 CHOAPAN-TAMAULIPAS,"78,82",2,BIKE,OPN,06100,HIPODROMO
77,078 - Benjamín Hill - Tamaulipas,S/N,20,HIP,78,19.407503,-99.177382,78 BENJAMIN HILL-TAMAULIPAS,"77,82",16,"BIKE,TPV",OPN,06170,HIPODROMO
78,079 - Saltillo - Alfonso Reyes,S/N,10,HIP,79,19.407534,-99.17442700000001,79 SALTILLO-ALFONSO REYES,"75,80,83",17,BIKE,OPN,06100,HIPODROMO
79,080 - Nuevo León - Aguascalientes,S/N,14,HIP,80,19.407307,-99.17211800000001,80 NUEVO LEON-AGUASCALIENTES,"79,83,84",22,BIKE,OPN,06100,HIPODROMO
80,081 - Aguascalientes - Insurgentes,S/N,8,HIP,81,19.408006,-99.168475,81 AGUASCALIENTES-INSURGENTES,"76,84",19,BIKE,OPN,06100,HIPODROMO
81,082 - Independencia - Marroquí,S/N,2,CEN,82,19.433115,-99.143686,82 INDEPENDENCIA-MARROQUI,"43,48",10,"BIKE,TPV",OPN,06100,CENTRO
82,083 - Nuevo León - Alfonso Reyes,S/N,3,HIP,83,19.406295999999998,-99.172117,83 NUEVO LEON-ALFONSO REYES,"79,80",12,"BIKE,TPV",OPN,06100,HIPODROMO
83,084 - Chilpancingo - Tlaxcala,S/N,1,HIP,84,19.407020000000003,-99.16958699999999,84 CHILPANCINGO-TLAXCALA,"81,83",20,BIKE,OPN,06100,HIPODROMO
84,085 - Rosas Moreno - Sullivan,S/N,6,S-R,85,19.43425,-99.162508,85 ROSAS MORENO-SULLIVAN,"1,3,12",9,BIKE,OPN,06470,SAN RAFAEL
85,086 - Sullivan-Insurgentes,S/N,1,1,86,19.432378,-99.159077,86 SULLIVAN-INSURGENTES,"12,20",20,"BIKE,TPV",OPN,06470,SAN RAFAEL
86,087 - Gante - Venustiano Carranza,S/N,7,CEN,87,19.431820000000002,-99.13974,87 GANTE-VENUSTIANO CARRANZA,"88,95,96",16,"BIKE,TPV",OPN,,CENTRO
87,088 - 2a Cerrada de 5 de Mayo - Palma,S/N,11,1,88,19.433815,-99.13530300000001,88 2A CDA 5 DE MAYO-PALMA,"55,89",4,BIKE,OPN,,CENTRO
88,089 - República de Guatemala - Monte de Piedad,S/N,10,CEN,89,19.434946,-99.133989,89 REPUBLICA DE GUATEMALA-MONTE DE PIEDAD,"88,90",2,"BIKE,TPV",OPN,,CENTRO
89,090 - José María Pino Suárez - Corregidora,S/N,12,CEN,90,19.431698,-99.132446,90 JOSE MARIA PINO SUAREZ-CORREGIDORA,"88,89",15,"BIKE,TPV",OPN,,CENTRO
90,091 - Republica de Cuba-Allende,S/N,1,CEN,91,19.4374,-99.137571,91 REPUBLICA DE CUBA-ALLENDE,"90,92,93",20,BIKE,OPN,06500,CENTRO
91,092 - San Ildefonso-República de Argentina,S/N,5,CEN,92,19.436531,-99.131497,92 SAN ILDEFONSO-REPUBLICA DE ARGENTINA,"90,91,93",16,BIKE,OPN,06500,CENTRO
92,093 - Palma Norte-Republica de Cuba,S/N,3,CEN,93,19.436741,-99.134811,93 PALMA NORTE-REPUBLICA DE CUBA,"90,91,92",32,BIKE,OPN,06500,CENTRO
93,94 - Lic. Verdad-Moneda,S/N,16,CEN,94,19.433766000000002,-99.13091800000001,94 LIC. VERDAD-MONEDA,94,7,BIKE,OPN,,CENTRO
94,095 - 20 de Noviembre-Venustiano Carranza,S/N,7,CEN,95,19.430722,-99.133698,95 20 DE NOVIEMBRE-VENUSTIANO CARRANZA,"93,96,97",9,BIKE,OPN,06500,CENTRO
95,096 - López-Ayuntamiento,S/N,7,CEN,96,19.430625,-99.14248,96 LOPEZ-AYUNTAMIENTO,98,28,BIKE,OPN,06500,CENTRO
96,097 - Republica de Salvador-Pino Suarez,S/N,5,CEN,97,19.429189,-99.132759,97 REPUBLICA DE SALVADOR-PINO SUAREZ,"90,100",21,"BIKE,TPV",OPN,06500,CENTRO
97,098 - Emilio Dondé-Av. Balderas,S/N,18,CEN,98,19.430267,-99.14860999999999,98 EMILIO DONDE-AV. BALDERAS,"107,108",17,BIKE,OPN,06500,CENTRO
98,99 - Ernesto Pugibet-Luis Moya,S/N,6,CEN,99,19.42995,-99.14591,99 ERNESTO PUGIBET-LUIS MOYA,"96,98,122",23,BIKE,OPN,,CENTRO
99,100 - 20 de Noviembre-Mesones,S/N,4,CEN,100,19.428485000000002,-99.1338,100 20 DE NOVIEMBRE-MESONES,"95,97,101",20,BIKE,OPN,06500,CENTRO
100,1ER. CALLEJÓN DE MESONES - MESONES,S/N,5,CEN,101,19.428366,-99.13589499999999,101 1ER. CALLEJÓN DE MESONES-MESONES,"100,104,105",28,BIKE,OPN,,CENTRO
101,102 - Echeveste-Bolivar,S/N,3,1,102,19.42821,-99.13949000000001,102 ECHEVESTE-BOLIVAR,"101,104,109",11,BIKE,OPN,,CENTRO
102,103 JOAQUÍN VELÁZQUEZ DE LEÓN-GARCÍA ICAZBALCETA,s/n,4,S-R,103,19.441669,-99.165217,103 JOAQUÍN VELÁZQUEZ DE LEÓN-GARCÍA ICAZBALCETA,103,22,BIKE,OPN,,SAN RAFAEL
103,104 - San Jerónimo-Isabel la Católica,S/N,9,CUA,104,19.427059,-99.137116,104 SAN JERONIMO-ISABEL LA CATOLICA,"101,105,109",6,"BIKE,TPV",OPN,06500,CENTRO
104,105 - San Jerónimo-5 de Febrero,S/N,4,CEN,105,19.426755,-99.135014,105 SAN JERONIMO-5 DE FEBRERO,"101,104,106",20,BIKE,OPN,06500,CENTRO
105,106 - San Jerónimo-José María Pino Suarez,S/N,0,CEN,106,19.42649,-99.133537,106 SAN JERONIMO-JOSE MARIA PINO SUAREZ,"100,101,105",27,BIKE,OPN,06500,CENTRO
106,107 - Tolsa-Balderas,S/N,18,CEN,107,19.427329,-99.149971,107 TOLSA-BALDERAS,"98,108,122",17,BIKE,OPN,06500,CENTRO
107,108 - Tolsa-Balderas,S/N,5,CEN,108,19.427305,-99.14953299999999,E108 TOLSA-BALDERAS,"33,98,107,260",19,ELECTRIC_BIKE,OPN,06500,CENTRO
108,109 - Nezahualcóyotl-Isabel la Católica,S/N,2,CEN,109,19.425310999999997,-99.137421,109 NEZAHUALCOYOTL-ISABEL LA CATOLICA,"104,105,106",27,BIKE,OPN,06500,CENTRO
109,110 - Dr. Valenzuela-Dr. Río de la loza,S/N,22,1,110,19.42513,-99.14339,110 DR. VALENZUELA-DR. RÍO DE LA LOZA,"107,108,122",12,BIKE,OPN,,DOCTORES
110,111 GUILLERMO PRIETO-JOAQUÍN VELÁZQUEZ DE LEÓN,S/N,2,1,111,19.438236899999996,-99.16594649999999,111 GUILLERMO PRIETO-JOAQUÍN VELÁZQUEZ DE LEÓN,"103,160,183",22,BIKE,OPN,,SAN RAFAEL
111,112 - Av. Morelos-Abraham González,S/N,7,1,112,19.432819,-99.15173399999999,112 AV. MORELOS-ABRAHAM GONZALEZ,"98,113,114",17,BIKE,OPN,06500,JUAREZ
112,113 - General Prim-Versalles,S/N,17,JUA,113,19.430369,-99.15441899999999,113 GENERAL PRIM-VERSALLES,"114,116,119",1,BIKE,OPN,06500,JUAREZ
113,114 - Lucerna-Abraham González,S/N,13,JUA,114,19.428989,-99.15361800000001,114 LUCERNA-ABRAHAM GONZALEZ ,"113,116,119",11,BIKE,OPN,06500,JUAREZ
114,115 - Roma-Dinamarca,S/N,2,JUA,115,19.429947,-99.15969799999999,115 ROMA-DINAMARCA ,"116,117,118",25,BIKE,OPN,06500,JUAREZ
115,116 - Londres-Roma,S/N,12,JUA,116,19.428985,-99.15664,116 LONDRES-ROMA,"115,118,199",9,BIKE,OPN,06500,JUAREZ
116,117 - Londres-Napoles,S/N,7,JUA,117,19.427132,-99.16036899999999,117 LONDRES-NAPOLES ,"116,118,120",26,BIKE,OPN,06500,JUAREZ
117,118 - Liverpool-Dinamarca,S/N,3,JUA,118,19.427114000000003,-99.158251,118 LIVERPOOL-DINAMARCA,"116,117,120",18,BIKE,OPN,06500,JUAREZ
118,119 - Turín-Abraham González,S/N,4,JUA,119,19.42679,-99.15554,119 TURÍN-ABRAHAM GONZÁLEZ,"114,118,125",28,BIKE,OPN,,JUAREZ
119,120 - Marsella-Nápoles,S/N,7,JUA,120,19.425437,-99.159458,120 MARSELLA-NAPOLES,"117,118,121",16,BIKE,OPN,06500,JUAREZ
120,121 - Niza-Chapultepec,S/N,4,JUA,121,19.424136999999998,-99.16131700000001,121 NIZA-CHAPULTEPEC,"117,120,128",14,BIKE,OPN,06500,JUAREZ
121,122 - José María Vértiz-Av. Dr. Río de la Loza,S/N,9,DOC,122,19.425501999999998,-99.146337,122 JOSE MARIA VERTIZ-AV.DR. RIO DE LA LOZA,"99,108,110",21,BIKE,OPN,06500,DOCTORES
122,123 - Claudio Bernard-Dr. Lavista,S/N,15,1,123,19.424160999999998,-99.15311700000001,123 CLAUDIO BERNARD-DR. LAVISTA,"124,125,133",15,BIKE,OPN,06500,DOCTORES
123,124 - Claudio Bernard-Dr. Liceaga,S/N,8,DOC,124,19.422392000000002,-99.150358,124 CLAUDIO BERNARD-DR. LICEAGA,"119,123,133",28,BIKE,OPN,06500,DOCTORES
124,125 - Morelia-Circular de Morelia,S/N,8,R-N,125,19.424541,-99.156204,125 MORELIA-CIRCULAR DE MORELIA,"119,123,127",27,BIKE,OPN,06500,ROMA NORTE
125,126 - Jalapa-Puebla,S/N,11,R-N,126,19.422288,-99.162138,126 JALAPA-PUEBLA,"121,128,129",24,BIKE,OPN,,ROMA NORTE
126,127 -  Puebla-Merida,S/N,3,R-N,127,19.423318,-99.15833,127 PUEBLA-MERIDA,"125,128,130",26,BIKE,OPN,,ROMA NORTE
127,128 - Orizaba-Río de Janeiro,S/N,20,R-N,128,19.422148,-99.160645,128 ORIZABA-RIO DE JANEIRO,"121,126,127",4,"BIKE,TPV",OPN,06500,ROMA NORTE
128,129 - Tonalá-Durango,S/N,0,R-N,129,19.4206,-99.163312,129 TONALÁ-DURANGO,"126,128,131",24,BIKE,OPN,,ROMA NORTE
129,130 - Mérida-Durango,S/N,6,R-N,130,19.421576,-99.158015,130 MÉRIDA-DURANGO,"127,132,133",15,BIKE,OPN,,ROMA NORTE
130,131 - Colima-Jalapa,S/N,7,R-N,131,19.419579000000002,-99.161314,131 COLIMA-JALAPA,"129,134",11,BIKE,OPN,,ROMA NORTE
131,132 - Colima-Frontera,S/N,14,R-N,132,19.420667,-99.15645,132 COLIMA-FRONTERA,"130,133,135",10,BIKE,OPN,,ROMA NORTE
132,133 - Colima-Morelia,S/N,2,R-N,133,19.421138,-99.154725,133 COLIMA-MORELIA,"130,132,135",33,BIKE,OPN,,ROMA NORTE
133,134 - Álvaro Obregón-Orizaba,S/N,9,R-N,134,19.418304,-99.15956,134 ÁLVARO OBREGÓN-ORIZABA,"131,136,137",23,"BIKE,TPV",OPN,,ROMA NORTE
134,135 - Álvaro Obregón-Morelia,S/N,3,R-N,135,19.419225,-99.15509899999999,135 ÁLVARO OBREGÓN-MORELIA,"132,133,137",33,"BIKE,TPV",OPN,,ROMA NORTE
135,136 - Tonalá-Álvaro Obregón,S/N,16,R-N,136,19.417715,-99.162729,136 ÁLVARO OBREGÓN-TONALÁ,136,10,"BIKE,TPV",OPN,,ROMA NORTE
136,137 - Álvaro Obregón-Mérida,S/N,3,R-N,137,19.418774,-99.157081,137 ÁLVARO OBREGÓN-MÉRIDA,"132,135,138",24,BIKE,OPN,,ROMA NORTE
137,138 - Guanajuato-Frontera,S/N,11,R-N,138,19.417702,-99.155313,138 GUANAJUATO-FRONTERA,"135,140,144",13,BIKE,OPN,,ROMA NORTE
138,139 - Tonalá-Guanajuato,S/N,6,R-N,139,19.416128,-99.162097,E139 TONALÁ-GUANJUATO,"33,136,141,155",17,ELECTRIC_BIKE,OPN,,ROMA NORTE
139,140 - Mérida-Zacatecas,S/N,5,R-N,140,19.416605,-99.156853,140 MÉRIDA-ZACATECAS,"138,141,144",13,BIKE,OPN,,ROMA NORTE
140,141 - Zacatecas-Luis Cabrera,S/N,9,R-N,141,19.415905,-99.15954,141 ZACATECAS-LUIS CABRERA,"139,140,143",20,"BIKE,TPV",OPN,,ROMA NORTE
141,142 - San Luis Potosí-Eje 2 Pte. Monterrey,S/N,20,R-N,142,19.413232,-99.164121,142 SAN LUIS POTOSI-EJE 2 PTE. MONTERREY,"139,145,146",6,BIKE,OPN,,ROMA NORTE
142,143 - Córdoba-San Luis Potosí,S/N,3,R-N,143,19.414303,-99.157542,143 CÓRDOBA-SAN LUIS POTOSÍ,"141,144,147",18,BIKE,OPN,,ROMA NORTE
143,144 - Frontera-San Luis Potosí,S/N,4,R-N,144,19.415192,-99.154837,144 FRONTERA-SAN LUIS POTOSÍ,"140,143,148",23,BIKE,OPN,,ROMA NORTE
144,145 - Eje 2 Sur Yucatán-Chiapas,S/N,11,R-N,145,19.412860000000002,-99.160661,145 EJE 2 SUR YUCATÁN-CHIAPAS,"142,147,151",16,BIKE,OPN,,ROMA NORTE
145,146 - Coahuila-Manzanillo,S/N,23,R-N,146,19.410737,-99.165716,146 COAHUILA-MANZANILLO,"150,152,153",0,BIKE,OPN,,ROMA NORTE
146,147 - Coahuila-Orizaba,S/N,2,R-N,147,19.412182,-99.158443,147 COAHUILA-ORIZABA,"145,149,151",24,BIKE,OPN,,ROMA NORTE
147,148 - Coahuila-Av. Cuauhtémoc,S/N,17,R-N,148,19.412829000000002,-99.155116,148 COAHUILA-AV.CUAUHTEMOC,"143,147,149",7,BIKE,OPN,,ROMA NORTE
148,149 - Mérida-Antonio Anza,S/N,8,R-N,149,19.41199,-99.155699,149 MÉRIDA-ANTONIO ANZA,"143,147,148",25,BIKE,OPN,,ROMA NORTE
149,150 - Campeche-Medellín,S/N,7,1,150,19.409965,-99.164292,150 CAMPECHE-MEDELLÍN,"146,151,152",5,BIKE,OPN,,ROMA SUR
150,151 - Campeche-Tonalá,S/N,6,ROM,151,19.410529,-99.160873,151 CAMPECHE-TONALÁ,"145,147,155",21,BIKE,OPN,,ROMA SUR
151,152 - Tlacotalpan-Campecha,S/N,21,ROM,152,19.409098,-99.167181,152 TLACOTALPAN-CAMPECHE,"146,150,157",9,"BIKE,TPV",OPN,,ROMA SUR
152,153 - Manzanillo-Tlaxcala,S/N,2,ROM,153,19.407467999999998,-99.165141,153 MANZANILLO-TLAXCALA,"154,157,161",19,BIKE,OPN,,ROMA SUR
153,154 - Tuxpan-Tlaxcala,S/N,2,1,154,19.406682999999997,-99.167962,154 TUXPAN-TLAXCALA,"152,153,157",31,"BIKE,TPV",OPN,,ROMA SUR
154,155 - Jalapa-Tlaxcala,S/N,2,ROM,155,19.408217999999998,-99.159911,E155 JALAPA-TLAXCALA,"139,147,151",22,ELECTRIC_BIKE,OPN,,CENTRO URBANO BENITO JUAREZ
155,156 - Tepic-Amenalco,S/N,0,ROM,156,19.407121,-99.16220200000001,156 TEPIC-AMENALCO,"153,155,162",18,BIKE,CLS,,ROMA SUR
156,157 - Tepic-Tlacotalpan,S/N,7,ROM,157,19.406236,-99.166616,157 TEPIC-TLACOTALPAN,"153,154,161",23,BIKE,OPN,,ROMA SUR
157,158 - Huatabampo- Eje 1 Pte. Av. Cuauhtémoc,S/N,14,ROM,158,19.407447,-99.15571700000001,158 HUATABAMPO-EJE 1PTE. CUAUHTÉMOC,"155,159,163",22,"BIKE,TPV",OPN,,ROMA SUR
158,159 - Huatabampo-Eje 1 Pte. Av. Cuauhtémoc,S/N,13,ROM,159,19.407517000000002,-99.155373,159 HUATABAMPO-EJE 1 PTE. AV. CUAUHTÉMOC,"155,158,163",23,BIKE,OPN,,CENTRO URBANO BENITO JUAREZ
159,160 - Alfonzo Herrera-Gabino Barrera,S/N,5,S-R,160,19.44025,-99.16346,E160 ALFONSO HERRERA-GABINO BARRERA,"103,174,257",19,ELECTRIC_BIKE,OPN,,SAN RAFAEL
160,161 - Quintana Roo-Manzanillo,S/N,10,ROM,161,19.405533,-99.164913,161 QUINTANA ROO-MANZANILLO,"153,157,162",10,BIKE,OPN,,ROMA SUR
161,162 - Tehuantepec-Medellín,S/N,2,ROM,162,19.404907,-99.162485,162 TEHUANTEPEC-MEDELLÍN,"161,165",24,BIKE,OPN,,ROMA SUR
162,163 - Toluca-Bajío,S/N,15,ROM,163,19.405245999999998,-99.15643100000001,163 TOLUCA-BAJÍO,"158,159,165",21,BIKE,OPN,,ROMA SUR
163,164 - Bajío-Tlacotalpan,S/N,15,ROM,164,19.403204000000002,-99.16596,164 BAJÍO-TLACOTALPAN,"157,161,162",11,BIKE,OPN,,ROMA SUR
164,165 - Bajío-Eje 2 Pte. Monterrey,S/N,10,ROM,165,19.404268,-99.160503,165 BAJÍO-EJE 2 PTE. MONTERREY,"162,163",11,BIKE,OPN,,ROMA SUR
165,166 - Progreso-Cda. Antonio Maceo,S/N,0,ESC,166,19.406069,-99.183549,166 PROGRESO-CDA. ANTONIO MACEO,"170,172,181",24,BIKE,OPN,,ESCANDON
166,167 - General Salvador Alvarado-Progreso,S/N,7,ESC,167,19.404651,-99.179375,167 GENERAL SALVADOR ALVARADO-PROGRESO,"168,172,178",17,BIKE,OPN,,ESCANDON
167,168 - Comercio-Progreso,S/N,14,ESC,168,19.403997,-99.1776,168 COMERCIO-PROGRESO,"167,169,173",7,"BIKE,TPV",OPN,,ESCANDON
168,169 - Prosperidad-Progreso,S/N,7,ESC,169,19.403019,-99.174934,169 PROSPERIDAD-PROGRESO,"168,170,175",14,BIKE,OPN,,ESCANDON
169,170 - Observatorio Oriente-Revolución,S/N,14,ESC,170,19.404029,-99.184342,170 OBSERVATORIO ORIENTE-REVOLUCIÓN,"166,167,172",7,BIKE,OPN,,ESCANDON
170,171 - Comercio-Jose Martí,S/N,14,1,171,19.402584,-99.17819899999999,171 COMERCIO-JOSE MARTÍ,"167,168,173",13,BIKE,OPN,,ESCANDON
171,172 - General Francisco Murguia-Jose Martí,S/N,1,ESC,172,19.4034921,-99.18160019999999,172 GENERAL FRANCISCO MURGUIA-JOSE MARTÍ,"167,170,171",17,BIKE,OPN,,ESCANDON
172,173 - Minería-Jose Martí,S/N,10,1,173,19.401682,-99.17639799999999,173 MINERÍA-JOSÉ MARTÍ,"168,169,171",11,BIKE,OPN,,ESCANDON
173,174 - Joaquín Garcia-Ignacio Manuel Altamirano,S/N,5,1,174,19.441110000000002,-99.16164,174 JOAQUÍN GARCIA-IGNACIO MANUEL ALTAMIRANO,"160,183,254",28,"BIKE,TPV",OPN,,SAN RAFAEL
174,175 - Mutualismo-José Martí,S/N,11,ESC,175,19.400767000000002,-99.172533,E175 MUTUALISMO-JOSÉ MARTí,"173,182,300",13,ELECTRIC_BIKE,OPN,,ESCANDON
175,176-LUIS DONALDO COLOSIO - AV. JESÜS GARCÏA,S/N,6,BUE,176,19.442689,-99.152286,176 AV. JESÜS GARCÏA-LUIS DONALDO COLOSIO,"266,267,272",30,BIKE,OPN,,BUENAVISTA
176,177 - BENJAMIN HILL-CARLOS ZETINA,S/N,6,H-C,177,19.408841,-99.181692,177 BENJAMIN HILL-CARLOS ZETINA,"176,178,190",14,BIKE,OPN,,HIPODROMO DE LA CONDESA
177,178 - Tamaulipas-Francisco Murguía,S/N,19,H-C,178,19.406833,-99.18045699999999,178 TAMAULIPAS-FRANCISCO MURGUÍA,"166,167,177",11,"BIKE,TPV",OPN,,HIPODROMO DE LA CONDESA
178,179 - Nuevo León-Quintana Roo,S/N,4,HIP,179,19.404452,-99.171438,179 NUEVO LEÓN-QUINTANA ROO,"154,180,182",23,BIKE,OPN,,HIPODROMO
179,180 - Quintana Roo-Villa Hermosa,S/N,5,HIP,180,19.404554,-99.169953,180 QUINTANA ROO-VILLA HERMOSA,"154,179,182",25,BIKE,OPN,,HIPODROMO
180,181 - Benjamin Franklin - Ometusco,S/N,6,1,181,19.40472,-99.17448,181 BENJAMIN FRANKLIN-OMETUSCO,"168,169,179",17,BIKE,OPN,,HIPODROMO
181,182 - PROGRESO-ASTRONOMOS,S/N,8,HIP,182,19.402089,-99.17139,182 PROGRESO-ASTRONOMOS,"175,179",28,"BIKE,TPV",OPN,,ESCANDON
182,183 - Gabino Barrera-Guillermo Prieto,S/N,3,S-R,183,19.43767,-99.16402,183 GABINO BARRERA-GUILLERMO PRIETO,"160,174,255",33,BIKE,OPN,,SAN RAFAEL
183,184 - General Gómez Pedraza-Gobernador Tiburcio Montiel,S/N,10,SMC,184,19.41479,-99.18508,184 GRAL GÓMEZ PEDRAZA-GOBERNADOR TIBURCIO M,"185,186,187",26,"BIKE,TPV",OPN,,SAN MIGUEL CHAPULTEPEC
184,185 - General Antonio Léon-General Pedro Antonio de los Santos,S/N,3,SMC,185,19.4128,-99.1828,185 GRAL ANTONIO LÉON-GRAL PEDRO A DE LOS S.,"176,187,190",27,BIKE,OPN,,SAN MIGUEL CHAPULTEPEC
185,186 - Gregorio V. Gelati-Francisco Molinos del C.,S/N,6,SMC,186,19.412429100000004,-99.1885117,186 GREGORIO V GELATI-FRANCISCO MOLINOS DEL C,"187,188,189",12,BIKE,OPN,,SAN MIGUEL CHAPULTEPEC
186,187 - Genral Cano-Gobernador Gregorio V. Gelati,S/N,1,SMC,187,19.41123,-99.18551,187 GENERAL CANO-GOBERNADOR GREGORIO V GELATI,"176,189,190",19,BIKE,OPN,,SAN MIGUEL CHAPULTEPEC
187,188 - Gobernador Melchor Múzquiz-Gobernador Ignacio Esteva,S/N,10,SMC,188,19.41171,-99.19014,188 GDOR MELCHOR MÚZQUIZ-GDOR IGNACIO ESTEVA ,"186,187,189",5,"BIKE,TPV",OPN,,SAN MIGUEL CHAPULTEPEC
188,189 - Gobernador Rafael Rebollar-Gobernador José Ceballos,S/N,5,SMC,189,19.41004,-99.18798000000001,189 GDOR RAFAEL REBOLLAR-GDOR JOSÉ CEBALLOS,"186,187,188",12,BIKE,OPN,,SAN MIGUEL CHAPULTEPEC
189,190 - Gobernador Ignacio Esteva-Maestro José Vasconcelos,S/N,11,SMC,190,19.409569,-99.18383299999999,E190 GDOR IGNACIO ESTEVA-MTRO JOSÉ VASCONCELOS,"33,187,189,449",13,ELECTRIC_BIKE,OPN,,SAN MIGUEL CHAPULTEPEC
190,191 - Gobernador Rafael Rebollar-Gobernador Vicente Eguia,S/N,12,SMC,191,19.4079,-99.18795,191 GDOR RAFAEL REBOLLAR-GDOR VICENTE EGUIA,"176,189,190",9,BIKE,OPN,,SAN MIGUEL CHAPULTEPEC
191,192 - Rubén Darío-Reforma,S/N,30,CHA,192,19.42592,-99.19075500000001,192 RUBEN DARIO-REFORMA,"193,234,238",6,"BIKE,TPV",OPN,11510,1RA SECC DEL BOSQUE DE CHAPULTEPEC
192,193 - Rubén Darío.Reforma,S/N,33,CHA,193,19.425907000000002,-99.190733,193 RUBEN DARIO-REFORMA,"192,234,238",1,BIKE,OPN,11510,1RA SECC DEL BOSQUE DE CHAPULTEPEC
193,194 - Av. Paseo de la Reforma-Circuito Mahatma Gandhi,S/N,20,CHA,194,19.424282,-99.180334,194 CTO MAHATMA GANDHI-AV. PASEO DE LA REFORMA,"195,253,261",4,"BIKE,TPV",OPN,11510,1RA SECC DEL BOSQUE DE CHAPULTEPEC
194,195 - Circuito Mahatma Gandhi-Av. Paseo de la Reforma,S/N,19,CHA,195,19.424926,-99.185147,195 AV. PASEO DE LA REFORMA-CTO MAHATMA GANDHI,"194,253,261",5,"BIKE,TPV",OPN,,1RA SECC DEL BOSQUE DE CHAPULTEPEC
195,196 - Lago Tanganica- Av. Ejército Nacional,S/N,18,POL,196,19.438349,-99.192904,196 LAGO TANGANICA-AV. EJERCITO NACIONAL,"204,244,245",9,BIKE,OPN,11510,GRANADA
196,197 - Miguel de Cervantes Saavedra-Ferrocarril de Cuernavaca,S/N,33,1,197,19.440077,-99.204316,197 MIGUEL DE CERVANTES-FC DE CUERNAVACA,197,2,"BIKE,TPV",OPN,,GRANADA
197,198 - Sócrates-Ejercito Nacional,S/N,15,POL,198,19.438168,-99.203888,198 SÓCRATES-EJERCITO NACIONAL ,"240,241",12,"BIKE,TPV",OPN,,LOS MORALES SECC PALMAS
198,199 - Anatole France-Av. Ejército Nacional,S/N,21,POL,199,19.437934,-99.197241,199 ANATOLE FRANCE-AV. EJERCITO NACIONAL,"196,202,203",2,BIKE,OPN,11510,POLANCO REFORMA
199,200 - Emerson-Av. Ejército Nacional,S/N,21,POL,200,19.437596,-99.188785,200 EMERSON-AV. EJERCITO NACIONAL,"201,204,245",5,BIKE,OPN,11510,CHAPULTEPEC MORALES
200,201 - Lope de Vega-Ejército Nacional,S/N,18,POL,201,19.437431,-99.18721500000001,201 LOPE DE VEGA-EJERCITO NACIONAL ,"200,205,245",0,BIKE,OPN,11510,CHAPULTEPEC MORALES
201,202 - Calderón de la Barca-Av. Homero,S/N,20,POL,202,19.43617,-99.198943,202 CALDERON DE LA BARCA-AV. HOMERO,"199,206,215",1,BIKE,OPN,11510,POLANCO REFORMA
202,203 - Tennyson-Av. Homero,S/N,8,POL,203,19.435985000000002,-99.19483199999999,203 TENNYSON-AV. HOMERO,"196,204,210",16,BIKE,OPN,11510,POLANCO REFORMA
203,204 - Temistocles-Homero,S/N,14,1,204,19.435882,-99.19152,204 TEMISTOCLES-HOMERO,"196,200,245",13,BIKE,OPN,11510,POLANCO REFORMA
204,205 - Taine-Homero,S/N,17,POL,205,19.435525,-99.184713,205 TAINE-HOMERO,"201,207,217",3,BIKE,OPN,11510,CHAPULTEPEC MORALES
205,206 - Moliere-Homero,S/N,13,POL,206,19.435798000000002,-99.201419,206 MOLIERE-HOMERO ,"202,214,215",11,"BIKE,TPV",OPN,,LOS MORALES SECC PALMAS
206,207 - Tasso-Homero,S/N,24,POL,207,19.434860999999998,-99.183322,207 TASSO-HOMERO ,"205,217,226",0,BIKE,OPN,11510,CHAPULTEPEC MORALES
207,208 - Hesiodo-Lamartine,S/N,2,POL,208,19.434182,-99.189835,208 HESIODO-LAMARTINE ,"211,212,218",25,BIKE,OPN,11510,CHAPULTEPEC MORALES
208,209 - Solón-Horacio,S/N,13,POL,209,19.435478,-99.20635899999999,209 SOLON-HORACIO ,"213,214,219",11,BIKE,OPN,11510,LOS MORALES SECC PALMAS
209,210 Eugenio Sue-Horacio,S/N,15,POL,210,19.434076,-99.194091,210 EUGENIO SUE-HORACIO ,"203,204,216",12,BIKE,OPN,,POLANCO REFORMA
210,211 - Newton-Horacio,S/N,25,POL,211,19.433607000000002,-99.188528,211 NEWTON-HORACIO,"208,212,218",8,BIKE,OPN,11510,CHAPULTEPEC MORALES
211,212 - Hegel-Horacio,S/N,26,POL,212,19.433567,-99.188096,212 HEGEL-HORACIO ,"211,218,224",10,"BIKE,TPV",OPN,11510,CHAPULTEPEC MORALES
212,213 - Solón-Cicerón,S/N,23,POL,213,19.43432,-99.20631999999999,213 SOLÓN-CICERÓN,"209,214,219",4,BIKE,OPN,11510,LOS MORALES SECC ALAMEDA
213,214 - Platón-Horacio,S/N,19,POL,214,19.434353,-99.20322,214 PLATÓN-HORACIO,"206,209,215",5,BIKE,OPN,,LOS MORALES SECC ALAMEDA
214,215 - Edgar Alan Poe-Horacio,S/N,16,POL,215,19.43384,-99.19968,215 EDGAR ALAN POE-HORACIO,"206,214,221",8,BIKE,OPN,11510,POLANCO REFORMA
215,216 - Alejandro Dumas-Horacio,S/N,15,POL,216,19.433419,-99.195746,216 ALEJANDRO DUMAS-HORACIO ,"210,222",9,"BIKE,TPV",OPN,11510,POLANCO REFORMA
216,217 - Euler-Horacio,S/N,27,POL,217,19.432888000000002,-99.183605,217 EULER-AV. HORACIO ,"207,225,226",8,"BIKE,TPV",OPN,11510,CHAPULTEPEC MORALES
217,218 - Hegel-Ibarbourou,S/N,9,POL,218,19.432451,-99.18803299999999,218 HEGEL-IBARBOUROU ,"211,212,224",15,BIKE,OPN,11510,CHAPULTEPEC MORALES
218,219 - Esopo-FC de Cuernavaca,S/N,28,POL,219,19.433542000000003,-99.207808,219 ESOPO-FC DE CUERNAVACA,"213,220,227",7,BIKE,OPN,11510,LOS MORALES SECC ALAMEDA
219,220 - Plino-Presidente Masaryk,S/N,6,POL,220,19.432655,-99.205727,220 PLINIO-PRESIDENTE MASARYK ,"213,219,227",18,BIKE,OPN,11510,LOS MORALES SECC ALAMEDA
220,221 - Emilio Castelar-Presidente Masaryk,S/N,19,POL,221,19.431798999999998,-99.201565,221 EMILIO CASTELAR-PRESIDENTE MASARYK ,"215,230,231",5,"BIKE,TPV",OPN,11510,POLANCO CHAPULTEPEC
221,222 - Alejandro Dumas-Presidente Masarik,S/N,16,POL,222,19.431417,-99.195774,E222 ALEJANDRO DUMAS-PRESIDENTE MASARYK,"233,241,247",8,ELECTRIC_BIKE,OPN,11510,POLANCO CHAPULTEPEC
222,223 - Newton-Presidente Masarik,S/N,9,POL,223,19.431242,-99.191613,223 NEWTON-PRESIDENTE MASARYK ,"222,224,231",21,"BIKE,TPV",OPN,,POLANCO CHAPULTEPEC
223,224 - Hegel-Presidente Masaryk,S/N,16,POL,224,19.431255,-99.18806500000001,224 HEGEL-PRESIDENTE MASARYK,"212,218,225",5,BIKE,OPN,11510,BOSQUES DE CHAPULTEPEC
224,225 - Petrarca-Presidente Masaryk,S/N,20,POL,225,19.431172,-99.185612,225 PETRARCA-PRESIDENTE MASARYK,"224,226,232",4,BIKE,OPN,11510,BOSQUES DE CHAPULTEPEC
225,226 - Wallon-Presidente Masaryk,S/N,16,POL,226,19.431033,-99.18222,226 WALLON-PRESIDENTE MASARYK,"217,239,247",11,BIKE,OPN,11511,BOSQUES DE CHAPULTEPEC
226,227 - Campos Elíseos-Periférico,S/N,11,1,227,19.431791,-99.207373,227 CAMPOS ELÍSEOS-PERIFÉRICO,"213,219,220",13,BIKE,OPN,,PALMITAS
227,228 - Campos Elíseos-Jean de La fontaine,S/N,10,POL,228,19.427705,-99.19912,228 CAMPOS ELÍSEOS-JEAN DE LA FONTAINE,"230,233,235",11,"BIKE,TPV",OPN,11510,1RA SECC DEL BOSQUE DE CHAPULTEPEC
228,229 - Dickens-Seneca,S/N,13,POL,229,19.430515,-99.203331,229 DICKENS-SENECA,"221,235,236",8,BIKE,OPN,11510,PALMITAS
229,230 - Edgar Alan Poe-Dickens,S/N,15,POL,230,19.430098,-99.200074,230 EDGAR ALAN POE-DICKENS,"221,235,236",3,BIKE,OPN,11510,POLANCO CHAPULTEPEC
230,231 - Newton-Aristoteles,S/N,24,POL,231,19.42977,-99.19349,231 NEWTON-ARISTOTELES ,"222,223,234",3,BIKE,OPN,11510,POLANCO CHAPULTEPEC
231,232 - Taine -  Rubén Darío,S/N,28,1,232,19.42894,-99.185389,232 TAINE-RUBEN DARÍO ,"224,225,226",1,BIKE,OPN,,BOSQUES DE CHAPULTEPEC
232,233 - Julio Verne-Luis G. Urbina,S/N,11,POL,233,19.429314,-99.196965,233 JULIO VERNE-LUIS G. URBINA ,"222,230,231",4,"BIKE,TPV",OPN,11510,POLANCO CHAPULTEPEC
233,234 - Tres Picos-Arquímides,S/N,10,1,234,19.42783,-99.191539,234 TRES PICOS-ARQUÍMIDES ,"192,193,231",16,BIKE,OPN,,BOSQUES DE CHAPULTEPEC
234,235 - Campos Eliseos-Moliere,S/N,15,POL,235,19.42933,-99.20218,235 CAMPOS ELISEOS-MOLIERE ,"229,230,236",11,BIKE,OPN,,1RA SECC DEL BOSQUE DE CHAPULTEPEC
235,236 - Campos Eliseos-Moliere,S/N,15,POL,236,19.42944,-99.20243,236 CAMPOS ELISEOS-MOLIERE ,"229,230,235",15,BIKE,OPN,,1RA SECC DEL BOSQUE DE CHAPULTEPEC
236,237 - Andrés Bello-Elliot,S/N,23,1,237,19.426744,-99.193986,237 ANDRÉS BELLO-ELLIOT ,"193,234,238",7,"BIKE,TPV",OPN,,POLANCO CHAPULTEPEC
237,238 - Andrés Bello-Elliot,S/N,26,1,238,19.426765,-99.193752,238 ANDRÉS BELLO-ELLIOT ,"193,234,237",4,BIKE,OPN,,POLANCO CHAPULTEPEC
238,239 - Rincon del Bosque-Ruben Dario,S/N,11,POL,239,19.430153,-99.18135500000001,239 RINCON DEL BOSQUE-RUBEN DARÍO ,"226,247,250",10,BIKE,OPN,11510,RINCON DEL BOSQUE
239,204- Ejercito Nacional-F.C. de Cuernavaca,S/N,33,POL,240,19.43855,-99.2063,240 EJERCITO NACIONAL-F.C. DE CUERNAVACA ,"198,241",3,"BIKE,TPV",OPN,,LOS MORALES
240,241 - Ejercito Nacional-Juan Vazquez de la Mella,S/N,21,POL,241,19.43862,-99.20758000000001,E241 EJERCITO NAL-JUAN VAZQUEZ DE LA MELLA ,"222,460",3,ELECTRIC_BIKE,OPN,,LOS MORALES
241,242 - Miguel de Cervantes Saavedra-Pról. Moliere,S/N,28,GRA,242,19.440344,-99.20105,242 MIGUEL DE CERVANTES SAAVEDRA-PROL MOLIERE ,"198,199,243",2,BIKE,OPN,11510,GRANADA
242,243 - Miguel de Cervantes Saavedra-Lago Filt,S/N,22,1,243,19.440839,-99.196712,243 MIGUEL DE CERVANTES SAAVEDRA-LAGO FILT ,"199,242,244",5,BIKE,OPN,11510,GRANADA
243,244 - Miguel de Cervantes Saavedra-Lago Victoria,S/N,17,GRA,244,19.440885,-99.193315,244 MIGUEL DE CERVANTES SAAVEDRA-LAGO VICTORIA ,"196,243,245",1,BIKE,OPN,11510,GRANADA
244,245 - Lago Onega-Av. Ejército Nacional,S/N,20,GRA,245,19.43819,-99.19048000000001,245 LAGO ONEGA-AV. EJERCITO NACIONAL ,"196,200,201",3,BIKE,OPN,11510,GRANADA
245,246 - Leibnitz-Thiers,S/N,10,2,246,19.434147,-99.179835,246 LEIBNITZ-THIERS,"207,247,248",5,BIKE,OPN,11510,ANZURES
246,247 - Herschel-Rousseau,S/N,20,2,247,19.432276,-99.18064,E247 HERSCHEL-ROUSSEAU ,"246,469,472",4,ELECTRIC_BIKE,OPN,11510,ANZURES
247,248 - Shakespeare-Lafayette,S/N,13,1,248,19.43175,-99.177399,248 SHAKESPEARE-LAFAYETTE ,"246,247,249",13,BIKE,OPN,11510,ANZURES
248,249 - Shakespeare-Darwin,S/N,16,2,249,19.429876999999998,-99.17756899999999,249 SHAKESPEARE-DARWIN ,"248,250,251",2,BIKE,OPN,11510,ANZURES
249,250 - Darwin-Mariano Escobedo,S/N,24,1,250,19.429057,-99.17966,250 DARWIN-MARIANO ESCOBEDO ,"239,249,252",3,"BIKE,TPV",OPN,11510,NUEVA ANZURES
250,251 - Goethe-Darwin,S/N,7,2,251,19.429261,-99.17538,251 GOETHE-DARWIN ,"248,249,252",11,BIKE,OPN,11510,NUEVA ANZURES
251,252 - Víctor Hugo-Shakespeare,S/N,14,2,252,19.427575,-99.17702,252 VICTOR HUGO-SHAKESPEARE ,"249,251,253",4,BIKE,OPN,11510,NUEVA ANZURES
252,253 - Dante-Tolstoi,S/N,20,1,253,19.425835,-99.177924,253 DANTE-TOLSTOI ,"195,252,261",1,"BIKE,TPV",OPN,11510,NUEVA ANZURES
253,254 - Alfonso Herrera-Miguel Shultz,S/N,12,S-R,254,19.43935,-99.16006999999999,254 ALFONSO HERRERA-MIGUEL SHULTZ ,"160,174,256",18,BIKE,OPN,,SAN RAFAEL
254,255-Jose Rosas Moreno-Guillermo Prieto,S/N,8,1,255,19.437159,-99.161808,255 JOSE ROSAS MORENO-GUILLERMO PRIETO ,"160,183,257",28,BIKE,OPN,,SAN RAFAEL
255,256 - Gómez Farías Sadi Carnot,S/N,15,S-R,256,19.4372,-99.15816,256 GÓMEZ FARÍAS-SADI CARNOT ,"254,259",11,BIKE,OPN,,SAN RAFAEL
256,257 - Manuel Maria Contreras-Villalongin,S/N,0,S-R,257,19.4338,-99.16622,E257 MANUEL MARIA CONTRERAS-VILLALONGIN ,"6,33,160,469",21,ELECTRIC_BIKE,OPN,,CUAUHTEMOC
257,258 - Circuito Interior-Juan Escutia,S/N,0,CON,258,19.4167,-99.1791,258 CIRCUITO INTERIOR-JUAN ESCUTIA ,"36,49,53",29,BIKE,OPN,,CONDESA
258,259 - Tómas Alva Edison-Ponciano Arriaga,S/N,16,1,259,19.43757,-99.15468,259 TÓMAS ALVA EDISON-PONCIANO ARRIAGA ,256,8,BIKE,OPN,,TABACALERA
259,260 - Av. Juárez-Balderas,S/N,6,CEN,260,19.435354,-99.14774200000001,E260 AV JUAREZ-BALDERAS ,"29,33,41,108",18,ELECTRIC_BIKE,OPN,,CENTRO
260,261 Paseo de la Reforma-Río de la Plata,S/N,13,1,261,19.42495,-99.17246,261 PASEO DE LA REFORMA - RÍO DE LA PLATA,"195,252,253",15,BIKE,OPN,,CUAUHTEMOC
261,262 - Republica de Cuba-Republica de Brasil,S/N,2,CEN,262,19.43693,-99.13395,262 REPUBLICA DE CUBA-REPUBLICA DE BRASIL ,"91,92,93",31,"BIKE,TPV",OPN,,CENTRO
262,263 - Sadi Carnot - Gómez Farias,S/N,15,S-R,263,19.436273999999997,-99.158425,263 SADI CARNOT-GÓMEZ FARIAS ,"85,86,256",14,"BIKE,TPV",OPN,,SAN RAFAEL
263,264 - H. Ferrocarrileros - Jesús Garcia ,S/N,5,1,264,19.440985,-99.152935,264 HÉROES FERROCARRILEROS-AV. CENTRAL,"265,266,268",30,BIKE,OPN,,BUENAVISTA
264,265 - Jesús Garcia-Héroes Ferrocarrileros,S/N,10,1,265,19.440839,-99.152265,265 HÉROES FERROCARRILEROS-JESÚS GARCIA,"264,275",25,"BIKE,TPV",OPN,,BUENAVISTA
265,266 - Av. Jesús Garcia -  Carlos J. Meneses,S/N,4,BUE,266,19.444031,-99.152187,266 AV. JESÚS GARCIA-CARLOS J. MENESES ,"267,268,269",32,"BIKE,TPV",OPN,,BUENAVISTA
266,267 - Carlos J. Meneses - Av. jesús García,S/N,3,BUE,267,19.443735,-99.152203,267 AV. JESÜS GARCÏA-CARLOS J. MENESES,"176,266,271",33,BIKE,OPN,,BUENAVISTA
267,268 Luis Donaldo Colosio - Av. Jesus Garcia,S/N,1,BUE,268,19.442467,-99.151658,268 LUIS DONALDO COLOSIO-AV.JESÚS GARCÍA ,"176,269,273",34,BIKE,OPN,,BUENAVISTA
268,269 Luis Donaldo Colosio - Aldama,S/N,4,BUE,269,19.442448000000002,-99.151586,269 LUIS DONALDO COLOSIO-ALDAMA ,"176,268,273",32,BIKE,OPN,,BUENAVISTA
269,270 - De la Republica-Ponciano Arriaga,S/N,5,TAB,270,19.43676,-99.15387,270 DE LA REPUBLICA-PONCIANO ARRIAGA ,270,31,"BIKE,TPV",OPN,,TABACALERA
270,271 Av. Jesús García - J. Meneses,S/N,1,1,271,19.443928,-99.152525,271 AV. CENTRAL-J. MENESES ,"266,267,272",35,BIKE,OPN,,BUENAVISTA
271,271 Av. Jesus Garcia - J. Meneses,S/N,0,BUE,272,19.443556,-99.152556,272 AV. CENTRAL-J. MENESES ,"266,267,271",36,BIKE,OPN,,BUENAVISTA
272,273 Luis Donaldo Colosio - Av. Jesus Garcia,S/N,3,1,273,19.442707000000002,-99.152956,273 LUIS DONALDO COLOSIO-AV. CENTRAL,"176,268,274",33,BIKE,OPN,,BUENAVISTA
273,274 Luis Donaldo Colosio - Av. Insurgentes Norte,S/N,5,BUE,274,19.442772,-99.153289,274 LUIS DONALDO COLOSIO-AV INSURGENTES NORTE ,"176,268,273",31,BIKE,OPN,,BUENAVISTA
274,275 Héroes Ferrocarrileros - Av. Jesús García,S/N,5,BUE,275,19.441062,-99.153164,275 HÉROES FERROCARRILEROS-AV. INSURGENTES NORTE,"264,265",31,BIKE,OPN,,BUENAVISTA
275,276 - Anaxágoras-Obrero Mundial,S/N,5,NAR,276,19.401985999999997,-99.156366,276 ANAXÁGORAS-OBRERO MUNDIAL,"277,280,281",25,BIKE,OPN,3020,PIEDAD NARVARTE
276,277 - Ampliación Tonalá-Obrero Mundial,S/N,7,1,277,19.401807,-99.15909,277 AMPLIACIÓN TONALÁ-OBRERO MUNDIAL,"165,276,280",20,BIKE,OPN,3020,PIEDAD NARVARTE
277,278 - Mier Y Pesado-Obrero Mundial,S/N,11,1,278,19.40071,-99.163831,278 MIER Y PESADO-OBRERO MUNDIAL,"164,279,282",10,BIKE,OPN,3103,DEL VALLE
278,279 - La Morena-Providencia,S/N,7,DVN,279,19.399908,-99.16655300000001,279 LA MORENA-PROVIDENCIA,"164,278,282",23,BIKE,OPN,3103,DEL VALLE
279,280 - Anaxágoras-Obrero Mundial,S/N,9,NAR,280,19.4015,-99.156406,280 ANAXÁGORAS-OBRERO MUNDIAL,"276,277,281",27,"BIKE,TPV",OPN,3020,NARVARTE PONIENTE
280,281 - Pitágoras-La Morena,S/N,4,NAR,281,19.398532,-99.157308,281 PITÁGORAS-LA MORENA,"276,280,295",26,BIKE,OPN,3020,NARVARTE PONIENTE
281,282 - La Morena-Eje 2 Poniente Gabriel Mancera,S/N,2,DVN,282,19.398692,-99.161273,282 LA MORENA-EJE 2 PONIENTE GABRIEL MANCERA,"278,293,294",16,BIKE,OPN,3103,DEL VALLE
282,283 - Av. Coyoacán-Rafael Donde,S/N,15,1,283,19.39827,-99.167383,283 AV. COYOACÁN-RAFAEL DONDE,"279,292,293",6,BIKE,OPN,3103,DEL VALLE
283,284 - Dakota-Vermont,S/N,7,NAP,284,19.397693,-99.17298100000001,284 DAKOTA-VERMONT,"289,290,291",26,BIKE,OPN,3810,NAPOLES
284,285 - 12 De Octubre-Mineria,S/N,0,ESC,285,19.399794600000003,-99.17751779999999,285 12 DE OCTUBRE-MINERIA,"171,173,286",18,BIKE,OPN,11800,ESCANDON
285,286 - 13 De Septiembre-Avenida Patriotismo,S/N,5,ESC,286,19.399201,-99.17994300000001,286 13 DE SEPTIEMBRE-AVENIDA PATRIOTISMO,"171,285,287",16,BIKE,OPN,11800,ESCANDON
286,287 - 13 De Septiembre-Puente De La Morena,S/N,14,ESC,287,19.398946,-99.183254,287 13 DE SEPTIEMBRE-PUENTE DE LA MORENA,"286,288,311",7,BIKE,OPN,11800,ESCANDON
287,288 - 11 De Abril-Avenida 2,S/N,1,1,288,19.396333,-99.183575,288 11 DE ABRIL-AVENIDA 2,"287,310,311",17,BIKE,OPN,3800,SAN PEDRO DE LOS PINOS
288,289 - Chicago-Yosemite,S/N,7,NAP,289,19.397308,-99.174548,289 CHICAGO-YOSEMITE,"284,290,304",11,BIKE,OPN,3810,NAPOLES
289,290 - Yosemite-Colorado,S/N,10,NAP,290,19.396333,-99.172667,290 YOSEMITE-COLORADO,"284,289,303",17,BIKE,OPN,3810,NAPOLES
290,291 - Magdalena-División Del Norte,S/N,11,DVN,291,19.397651,-99.169946,291 MAGDALENA-DIVISIÓN DEL NORTE,"283,284,290",16,BIKE,OPN,3103,DEL VALLE
291,292 - Adolfo Prieto-Eje 4 Sur Xola,S/N,18,DVN,292,19.396917000000002,-99.166264,292 ADOLFO PRIETO-EJE 4 SUR XOLA,"283,293,299",18,BIKE,OPN,3103,DEL VALLE
292,293 - Mier Y Pesado-Eje 4 Sur Xola,S/N,12,DVN,293,19.397373,-99.164598,293 MIER Y PESADO-EJE 4 SUR XOLA,"283,292,294",24,"BIKE,TPV",OPN,3103,DEL VALLE
293,294 - Nicolás San Juan-Eje 4 Sur Xola,S/N,0,NAR,294,19.396513,-99.160924,294 NICOLÁS SAN JUAN-EJE 4 SUR XOLA,"282,295,298",24,BIKE,OPN,3020,DEL VALLE
294,295 - Anaxágoras-Eje 4 Sur Xola,S/N,15,NAR,295,19.396328,-99.156871,295 ANAXÁGORAS-EJE 4 SUR XOLA,"281,296,297",21,"BIKE,TPV",OPN,3020,NARVARTE PONIENTE
295,296 - Diagonal San Antonio-Enrique Rébsamen,S/N,0,NAR,296,19.394282999999998,-99.15875600000001,E296 DIAGONAL SAN ANTONIO-ENRIQUE RÉBSAMEN,"295,297,300",19,ELECTRIC_BIKE,OPN,3020,NARVARTE PONIENTE
296,297 - Diagonal San Antonio-Enrique Rébsamen,S/N,11,NAR,297,19.394412,-99.158907,297 DIAGONAL SAN ANTONIO-ENRIQUE RÉBSAMEN,"295,296,320",22,BIKE,OPN,3020,NARVARTE PONIENTE
297,298 - Romero De Terreros-Gabriel Mancera,S/N,4,DVN,298,19.394073000000002,-99.16214000000001,298 ROMERO DE TERREROS-GABRIEL MANCERA,"294,318,319",17,BIKE,OPN,3103,DEL VALLE
298,299 - Romero De Terreros-Mier Y Pesado,S/N,0,DVN,299,19.394601,-99.165054,299 ROMERO DE TERREROS-MIER Y PESADO,"292,298,318",24,BIKE,OPN,3103,DEL VALLE
299,300 - Providencia -Luz Saviñon,S/N,5,DVN,300,19.393268,-99.16833299999999,E300 PROVIDENCIA -LUZ SAVIÑON,"296,301,302",15,ELECTRIC_BIKE,OPN,3103,DEL VALLE
300,301 - Luz Saviñón-Magdalena,S/N,1,DVN,301,19.393807000000002,-99.171133,301 LUZ SAVIÑÓN-MAGDALENA,"300,302,316",23,BIKE,OPN,3103,DEL VALLE
301,302 - Luz Saviñon-Magdalena,S/N,17,DVN,302,19.393832,-99.17146600000001,302 LUZ SAVIÑON-MAGDALENA,"301,303,304",17,BIKE,OPN,3103,DEL VALLE
302,303 - Montesito-Av. Insurgentes,S/N,9,NAP,303,19.394842,-99.173025,303 MONTESITO-AV. INSURGENTES,"301,302,304",18,"BIKE,TPV",OPN,3810,NAPOLES
303,304 - Montesito-Dakota,S/N,5,NAP,304,19.395042999999998,-99.17382099999999,304 MONTESITO-DAKOTA,"290,303,305",28,BIKE,OPN,3810,NAPOLES
304,305 - Avenida Del Parque-Arizona,S/N,0,1,305,19.394693,-99.175531,305 AVENIDA DEL PARQUE-ARIZONA,"304,306,307",36,"BIKE,TPV",OPN,3810,NAPOLES
305,306 - Dakota-Filadelfia,S/N,8,NAP,306,19.393698999999998,-99.175664,306 DAKOTA-FILADELFIA,"305,307,308",28,"BIKE,TPV",OPN,3810,NAPOLES
306,307 - Minesota-Dakota,S/N,0,NAP,307,19.393701,-99.175834,307 MINESOTA-DAKOTA,"305,306,308",27,BIKE,OPN,3810,NAPOLES
307,308 - Nueva York-Arizona,S/N,2,1,308,19.393594,-99.178072,308 NUEVA YORK-ARIZONA,"306,307,309",28,BIKE,OPN,3810,NAPOLES
308,309 - Pennsylvania-Arizona,S/N,5,NAP,309,19.393162,-99.17956,309 PENNSYLVANIA-ARIZONA,"308,310,313",22,BIKE,OPN,3810,NAPOLES
309,310 - Calle 1-Av. Patriotismo,S/N,1,1,310,19.395319,-99.181733,310 CALLE 1-AV. PATRIOTISMO,"309,311,312",14,BIKE,OPN,3800,SAN PEDRO DE LOS PINOS
310,311 - Calle 5-Avenida Revolución,S/N,11,1,311,19.393665,-99.18539100000001,311 CALLE 5-AVENIDA REVOLUCIÓN,"310,312,328",7,BIKE,OPN,3800,SAN PEDRO DE LOS PINOS
311,312 - Avenida 2-Calle 7,S/N,8,SPP,312,19.392634,-99.183737,312 AVENIDA 2-CALLE 7,"310,311,328",19,"BIKE,TPV",OPN,3800,SAN PEDRO DE LOS PINOS
312,313 - Pennsylvania-Oklahoma,S/N,5,1,313,19.391431,-99.178989,313 PENNSYLVANIA-OKLAHOMA,"308,309,314",19,BIKE,OPN,3810,NAPOLES
313,314 - Nuerva York-Louisiana,S/N,11,NAP,314,19.391647,-99.17733100000001,314 NUERVA YORK-LOUISIANA,"307,313,327",9,BIKE,OPN,3810,NAPOLES
314,315 - Alabama-Montana,S/N,6,NAP,315,19.391472,-99.1736,315 ALABAMA-MONTANA,"301,302,316",15,BIKE,OPN,3810,NAPOLES
315,316 - San Francisco-Concepción Beistegui,S/N,0,DVN,316,19.391056,-99.1712,316 SAN FRANCISCO-CONCEPCIÓN BEISTEGUI,"301,302,315",27,BIKE,OPN,3103,DEL VALLE
316,317 - Avenida Coyoacán-Torres Adalid,S/N,3,DVN,317,19.391455999999998,-99.166157,317 AVENIDA COYOACÁN-TORRES ADALID,"299,300,318",33,"BIKE,TPV",OPN,3103,DEL VALLE
317,318 - Luz Saviñón-Amores,S/N,1,DVN,318,19.392249,-99.16412700000001,318 LUZ SAVIÑÓN-AMORES,"299,317,319",20,BIKE,OPN,3103,DEL VALLE
318,319 - Diagonal San Antonio-Luz Saviñon,S/N,6,DVN,319,19.391991,-99.162684,319 DIAGONAL SAN ANTONIO-LUZ SAVIÑON,"298,318,320",21,BIKE,OPN,3103,DEL VALLE
319,320 - Enrique Rébsamen-Luz Saviñon,S/N,15,NAR,320,19.391323,-99.15935999999999,320 ENRIQUE RÉBSAMEN-LUZ SAVIÑON,"296,297,319",3,BIKE,OPN,3020,NARVARTE PONIENTE
320,321 - Torres Adalid-Anaxágoras,S/N,6,1,321,19.389477,-99.157513,321 TORRES ADALID-ANAXÁGORAS,"320,322,340",17,BIKE,OPN,3020,NARVARTE PONIENTE
321,322 - Heriberto Frías-Concepción Beistegui,S/N,7,1,322,19.388528,-99.160616,322 HERIBERTO FRÍAS-CONCEPCIÓN BEISTEGUI,"321,323,339",20,BIKE,OPN,3020,NARVARTE PONIENTE
322,323 - Concepción Beistegui-Gabriel Mancera,S/N,4,DVN,323,19.389026,-99.163403,323 CONCEPCIÓN BEISTEGUI-GABRIEL MANCERA,"319,322,324",19,BIKE,OPN,3103,DEL VALLE
323,324 - Amores-Avenida Eugenia,S/N,4,DVC,324,19.3872468,-99.1656554,324 AMORES-AVENIDA EUGENIA,"323,336,337",14,BIKE,OPN,3100,DEL VALLE CENTRO
324,325 - Providencia -Avenida Del Valle,S/N,8,1,325,19.3881779,-99.16968940000001,325 PROVIDENCIA -AVENIDA DEL VALLE,"316,335,336",16,BIKE,OPN,3100,DEL VALLE
325,326 - Eugenia-Nebraska,S/N,12,AMN,326,19.388978,-99.174811,326 EUGENIA-NEBRASKA,"327,334,335",22,BIKE,OPN,3840,AMPL NAPOLES
326,327 - Georgia -Pennsylvania,S/N,7,NAP,327,19.38885,-99.17772,E327 GEORGIA -PENNSYLVANIA,"300,314,326",16,ELECTRIC_BIKE,OPN,3810,NAPOLES
327,328 - Avenida 1-Calle 7,S/N,1,SPP,328,19.392585999999998,-99.184742,328 AVENIDA 1-CALLE 7,"311,312,329",25,BIKE,OPN,3800,SAN PEDRO DE LOS PINOS
328,329 - Calle 13-Avenida 1,S/N,1,SPP,329,19.390306,-99.184812,329 CALLE 13-AVENIDA 1,"312,328,330",23,BIKE,OPN,3800,SAN PEDRO DE LOS PINOS
329,330 - Calle 15-Avenida Patriotismo,S/N,0,SPP,330,19.389357999999998,-99.182606,330 CALLE 15-AVENIDA PATRIOTISMO,"329,331,332",18,BIKE,OPN,3800,SAN PEDRO DE LOS PINOS
330,331 - Avenida 2-Calle 17,S/N,5,SPP,331,19.388547,-99.183971,331 AVENIDA 2-CALLE 17,"329,330,332",22,BIKE,OPN,3800,SAN PEDRO DE LOS PINOS
331,332 - Sur De Calle 27-Avenida 3,S/N,10,SPP,332,19.385507999999998,-99.183809,332 SUR DE CALLE 27-AVENIDA 3,"330,331,333",14,BIKE,OPN,3800,SAN PEDRO DE LOS PINOS
332,333 - Georgia -Carolina,S/N,5,NAP,333,19.387624,-99.180978,333 GEORGIA -CAROLINA,"330,332,349",16,BIKE,OPN,3810,AMPL NAPOLES
333,334 - Nuerva York-Av. Insurgentes,S/N,0,AMN,334,19.386568,-99.175089,334 NUEVA YORK-AV. INSURGENTES,"326,335,346",36,BIKE,OPN,3840,AMPL NAPOLES
334,335 - Magdalena-Ameyalco,S/N,3,DVC,335,19.387003,-99.17350400000001,335 MAGDALENA-AMEYALCO,"326,334,346",30,BIKE,OPN,3100,DEL VALLE
335,336 - San Borja-Cda. Bartoloche,S/N,6,DVC,336,19.385531,-99.169673,336 SAN BORJA-CDA. BARTOLOCHE,"325,337,345",15,BIKE,OPN,3100,DEL VALLE CENTRO
336,337 - San Borja-Martín Menlalde,S/N,6,DVC,337,19.384849,-99.16704,337 SAN BORJA-MARTÍN MENLALDE,"324,336,338",15,"BIKE,TPV",OPN,3100,DEL VALLE CENTRO
337,338 - Nicolas San Juan-San Borja,S/N,0,DVC,338,19.384249,-99.163273,338 NICOLAS SAN JUAN-SAN BORJA,"324,336,337",21,BIKE,OPN,3100,DEL VALLE CENTRO
338,339 - Enrique Rébsamen-Avenida Eugenia,S/N,6,NAR,339,19.386032,-99.16054799999999,339 ENRIQUE RÉBSAMEN-AVENIDA EUGENIA,"322,340,343",14,BIKE,OPN,3020,NARVARTE PONIENTE
339,340 - Anaxágoras-Avenida Eugenia,S/N,6,NAR,340,19.385571,-99.158188,340 ANAXÁGORAS-AVENIDA EUGENIA,"339,341,343",24,"BIKE,TPV",OPN,3020,NARVARTE PONIENTE
340,341 - San Borja-Avenida Cuauhtemoc,S/N,8,NAR,341,19.382851000000002,-99.158204,341 SAN BORJA-AVENIDA CUAUHTEMOC,"340,343,364",22,BIKE,OPN,3020,NARVARTE PONIENTE
341,342 - Anaxágoras-Angel Urraza Eje 6 Sur,S/N,8,NAR,342,19.381076,-99.15945500000001,342 ANAXÁGORAS-ANGEL URRAZA EJE 6 SUR,"341,344,359",28,BIKE,OPN,3020,NARVARTE PONIENTE
342,343 - Enrique Rébsamen-División Del Norte,S/N,9,DVC,343,19.384099,-99.160826,343 ENRIQUE RÉBSAMEN-DIVISIÓN DEL NORTE,"338,341,344",9,BIKE,OPN,3100,DEL VALLE CENTRO
343,344 - Heriberto Frías-Angel Urraza Eje 6 Sur,S/N,7,DVC,344,19.382107,-99.162243,344 HERIBERTO FRÍAS-ANGEL URRAZA EJE 6 SUR,"338,343,358",20,BIKE,OPN,3100,DEL VALLE CENTRO
344,345 - Miraflores-Patricio Sanz,S/N,3,ISB,345,19.384498,-99.172223,345 MIRAFLORES-PATRICIO SANZ,"334,335,346",18,BIKE,OPN,3100,INSURGENTES SAN BORJA
345,346 - San Francisco-Santa Margarita,S/N,13,ISB,346,19.385019,-99.174077,346 SAN FRANCISCO-SANTA MARGARITA,"334,335,345",10,BIKE,OPN,3100,INSURGENTES SAN BORJA
346,347 - Pennsylvania-Maximino Avila Camacho,S/N,7,1,347,19.384377999999998,-99.176097,347 PENNSYLVANIA-MAXIMINO AVILA CAMACHO,"334,346,348",18,"BIKE,TPV",OPN,3710,CIUDAD DE LOS DEPORTES
347,348 - Indiana-Avenida San Antonio,S/N,5,CDD,348,19.385365,-99.178216,348 INDIANA-AVENIDA SAN ANTONIO,"347,349,350",13,BIKE,OPN,3710,CIUDAD DE LOS DEPORTES
348,349 - Augusto Rodin-Avenida San Antonio,S/N,7,AMN,349,19.385688000000002,-99.18085699999999,349 AUGUSTO RODIN-AVENIDA SAN ANTONIO,"332,348,350",14,BIKE,OPN,3840,SAN PEDRO DE LOS PINOS
349,350 - Jose Clemente Orozco-Correggio,S/N,2,1,350,19.384062,-99.18148199999999,350 JOSE CLEMENTE OROZCO-CORREGGIO,"349,352",28,BIKE,OPN,3710,CIUDAD DE LOS DEPORTES
350,351 - Calle 27-Avenida Revolución,S/N,6,SPP,351,19.385751000000003,-99.186297,351 CALLE 27-AVENIDA REVOLUCIÓN,"332,352,364",12,BIKE,OPN,3800,SAN PEDRO DE LOS PINOS
351,352 - Tintoreto-Giorgine,S/N,5,SMN,352,19.384114,-99.185447,352 TINTORETO-GIORGINE,"351,364,365",25,"BIKE,TPV",OPN,3700,NONOALCO
352,353 - Carolina-Holbein,S/N,2,CDD,353,19.382168,-99.17880799999999,353 CAROLINA-HOLBEIN,"354,361,362",25,"BIKE,TPV",OPN,3710,CIUDAD DE LOS DEPORTES
353,354 - Boston-Av. Insurgentes,S/N,20,NBU,354,19.381664999999998,-99.17668499999999,354 BOSTON-AV. INSURGENTES,"353,361,369",4,BIKE,OPN,3720,NOCHE BUENA
354,355 - California-Sacramento,S/N,10,ISB,355,19.38205,-99.173291,355 CALIFORNIA-SACRAMENTO,"345,361",11,BIKE,OPN,3100,INSURGENTES SAN BORJA
355,356 - Matias Romero -Adolfo Prieto,S/N,1,1,356,19.381292000000002,-99.170171,356 MATIAS ROMERO -ADOLFO PRIETO,"355,357,372",16,BIKE,OPN,3100,DEL VALLE CENTRO
356,357 - Matias Romero -Amores,S/N,9,DVC,357,19.380598000000003,-99.1669248,357 MATIAS ROMERO -AMORES,"356,358,373",15,BIKE,OPN,3100,DEL VALLE CENTRO
357,358 - Nicolas San Juan-Matias Romero,S/N,0,DVC,358,19.380167999999998,-99.164222,358 NICOLAS SAN JUAN-MATIAS ROMERO ,"357,360,373",24,BIKE,OPN,3100,DEL VALLE CENTRO
358,359 - Matias Romero -Pestallozzi,S/N,8,DVC,359,19.379269,-99.161169,359 MATIAS ROMERO -PESTALLOZZI,"342,360,374",25,"BIKE,TPV",OPN,3100,DEL VALLE CENTRO
359,360 - Heriberto Frías-Matias Romero,S/N,0,DVC,360,19.379027899999997,-99.1628259,E360 HERIBERTO FRÍAS-MATIAS ROMERO,"300,358,359,391",21,ELECTRIC_BIKE,OPN,3100,DEL VALLE CENTRO
360,361 - Porfirio Díaz-Capulín,S/N,16,1,361,19.380709,-99.17508000000001,361 PORFIRIO DÍAZ-CAPULÍN,"354,369,370",11,BIKE,OPN,3100,INSURGENTES SAN BORJA
361,362 - Augusto Rodin-Alberto Balderas,S/N,6,CDD,362,19.382207,-99.181043,362 AUGUSTO RODIN-ALBERTO BALDERAS,"367,368",15,BIKE,OPN,3710,CIUDAD DE LOS DEPORTES
362,363 - Holbein-Paulo Ucello,S/N,5,CDD,363,19.380813,-99.183851,363 HOLBEIN-PAULO UCELLO,"362,365,367",15,BIKE,OPN,3710,CIUDAD DE LOS DEPORTES
363,364 - Botichelli-Cda. De Giorgone,S/N,7,SMN,364,19.383063,-99.185858,364 BOTICHELLI-CDA. DE GIORGONE,"351,352,365",20,BIKE,OPN,3700,NONOALCO
364,365 - Holbein-Avenida Revolución,S/N,0,SMN,365,19.381117,-99.186687,365 HOLBEIN-AVENIDA REVOLUCIÓN,"352,363,364",30,BIKE,OPN,3700,NONOALCO
365,366 - Porfirio Díaz-Augusto Rodín,S/N,8,EXI,366,19.378345,-99.181973,366 PORFIRIO DÍAZ-AUGUSTO RODÍN,"362,367,368",16,BIKE,OPN,3740,EXTREMADURA INSURGENTES
366,367 - Boston -Augusto Rodín,S/N,4,NBU,367,19.37946,-99.181632,367 BOSTON -AUGUSTO RODÍN,"362,363,366",16,BIKE,OPN,3720,NOCHE BUENA
367,368 - Porfirio Díaz-Cincinatti,S/N,4,1,368,19.379246,-99.179344,368 PORFIRIO DÍAZ-CINCINATTI ,"366,367,369",20,BIKE,OPN,3740,EXTREMADURA INSURGENTES
368,369 - Porfirio Díaz-Av. Insurgentes,S/N,10,1,369,19.379884,-99.17747800000001,369 PORFIRIO DÍAZ-AV. INSURGENTES,"367,368",26,"BIKE,TPV",OPN,3740,EXTREMADURA INSURGENTES
369,370 - Tlacoquemecatl-Av. Insurgentes,S/N,7,TLA,370,19.378818,-99.177054,370 TLACOQUEMECATL-AV. INSURGENTES,"361,369,371",23,BIKE,OPN,3200,TLACOQUEMECATL
370,371 - Tlacoquemecatl-Capulin,S/N,10,TLA,371,19.378542000000003,-99.174328,371 TLACOQUEMECATL-CAPULIN,"361,369,370",11,BIKE,OPN,3200,TLACOQUEMECATL
371,372 - Dr. Roberto Gayol-Tlacoquemecatl,S/N,8,1,372,19.37797,-99.170289,372 DR. ROBERTO GAYOL-TLACOQUEMECATL,"373,378,379",13,"BIKE,TPV",OPN,3104,DEL VALLE SUR
372,373 - Pilares-Gabriel Mancera,S/N,0,DVC,373,19.377968,-99.166663,373 PILARES-GABRIEL MANCERA,"357,372,378",18,BIKE,OPN,3100,DEL VALLE SUR
373,374 - Anaxágoras-Pilares,S/N,10,DVC,374,19.376964,-99.161116,374 PITÁGORAS-PILARES,"359,375,376",19,"BIKE,TPV",OPN,3100,DEL VALLE CENTRO
374,375 - Tenayuca-División Del Norte,S/N,1,LEV,375,19.376865,-99.15881800000001,375 TENAYUCA-DIVISIÓN DEL NORTE,"359,374,376",23,BIKE,OPN,3650,LETRAN VALLE
375,376 - Pitágoras-Av. Universidad,S/N,2,LEV,376,19.375442,-99.16159499999999,376 PITÁGORAS-AV. UNIVERSIDAD,"374,375,377",25,BIKE,OPN,3650,LETRAN VALLE
376,377 - Heriberto Frías-Miguel Laurent,S/N,13,DVS,377,19.375394,-99.16375,377 HERIBERTO FRÍAS-MIGUEL LAURENT,"373,376,400",22,BIKE,OPN,3104,DEL VALLE SUR
377,378 - Miguel Laurent-Amores,S/N,1,DVS,378,19.375823,-99.168076,378 MIGUEL LAURENT-AMORES,"372,373,379",29,BIKE,OPN,3104,DEL VALLE SUR
378,379 - Dr. Roberto Gayol-Miguel Laurent,S/N,10,1,379,19.375751,-99.17084,379 DR. ROBERTO GAYOL-MIGUEL LAURENT,"378,380,395",26,BIKE,OPN,3104,DEL VALLE SUR
379,380 - Moras-San Lorenzo,S/N,2,TLA,380,19.374876,-99.173512,380 MORAS-SAN LORENZO,"392,393,394",25,BIKE,OPN,3200,TLACOQUEMECATL
380,381 - San Lorenzo-Manzanas,S/N,0,TLA,381,19.375541000000002,-99.177894,381 SAN LORENZO-MANZANAS,"382,387,389",27,BIKE,OPN,3200,TLACOQUEMECATL
381,382 - San Lorenzo-Av. Insurgentes,S/N,5,TLA,382,19.375591,-99.178084,382 SAN LORENZO-AV. INSURGENTES,"381,387,389",19,BIKE,OPN, 3200 ,TLACOQUEMECATL
382,383 - Luis Caracci-2da. Luis Caracci,S/N,3,EXI,383,19.375764,-99.181527,383 LUIS CARACCI-2DA. LUIS CARACCI,"366,382,387",12,BIKE,OPN,3740,EXTREMADURA INSURGENTES
383,384 - Empresa-Poussin,S/N,0,INM,384,19.375873000000002,-99.185583,384 EMPRESA-POUSSIN,"385,386,417",21,BIKE,OPN,3920,SAN JUAN
384,385 - Poussin-Empresa,S/N,0,INM,385,19.375651,-99.18558,385 POUSSIN-EMPRESA,"384,386,417",36,"BIKE,TPV",OPN,3920,SAN JUAN
385,386 - Poussin-Donatello,S/N,2,INM,386,19.37484,-99.185846,386 POUSSIN-DONATELLO,"384,385,417",34,BIKE,OPN,3920,INSURGENTES MIXCOAC
386,387 - Cadiz-Empresa,S/N,2,INM,387,19.37455556,-99.180505555556,387 CADIZ-EMPRESA,"381,382,383",14,BIKE,OPN,3920,EXTREMADURA INSURGENTES
387,388 - Valencia-Malaga,S/N,1,INM,388,19.373038,-99.18135500000001,388 VALENCIA-MALAGA,"387,389,390",20,BIKE,OPN,3920,INSURGENTES MIXCOAC
388,389 - Santander-Felix Cuevas,S/N,8,INM,389,19.373528,-99.179356,389 SANTANDER-FELIX CUEVAS,"388,390,391",28,BIKE,OPN,3920,INSURGENTES MIXCOAC
389,390 - Oso-Felix Cuevas,S/N,7,DVS,390,19.373228,-99.17826,390 OSO-FELIX CUEVAS,"389,391,416",29,"BIKE,TPV",OPN,3104,DEL VALLE SUR
390,391 - Oso-Felix Cuevas,S/N,7,DVS,391,19.373142,-99.178283,E391 OSO-FELIX CUEVAS,"390,416,434",14,ELECTRIC_BIKE,OPN,3104,DEL VALLE SUR
391,392 - Patricio Sanz-Felix Cuevas,S/N,4,TLA,392,19.373006699999998,-99.1747749,392 PATRICIO SANZ-FELIX CUEVAS,"380,393,394",17,BIKE,OPN,3200,TLACOQUEMECATL
392,393 - Adolfo Prieto-Felix Cuevas,S/N,2,TLA,393,19.372795999999997,-99.172558,393 ADOLFO PRIETO-FELIX CUEVAS,"380,392,394",34,"BIKE,TPV",OPN,3200,TLACOQUEMECATL
393,394 - Dr. Roberto Gayol-Felix Cuevas,S/N,0,DVS,394,19.372436999999998,-99.171592,394 DR. ROBERTO GAYOL-FELIX CUEVAS,"393,395,396",36,BIKE,OPN,3104,CENTRO URBANO PRESIDENTE ALEMAN
394,395 - San Lorenzo-Callejón Martín Menlalde,S/N,10,DVS,395,19.373742,-99.169814,395 SAN LORENZO-CALLEJÓN MARTÍN MENLALDE,"379,394,396",20,BIKE,OPN,3104,CENTRO URBANO PRESIDENTE ALEMAN
395,396 - Martín Menlalde-Felix Cuevas,S/N,1,DVS,396,19.371554,-99.170187,396 MARTÍN MENLALDE-FELIX CUEVAS,"394,395,413",19,BIKE,OPN,3104,DEL VALLE SUR
396,397 - San Lorenzo-Gabriel Mancera,S/N,5,DVS,397,19.373194,-99.167247,397 SAN LORENZO-GABRIEL MANCERA,"398,399,400",25,BIKE,OPN,3104,DEL VALLE SUR
397,398 - Sanchez Azcona-Felix Cuevas,S/N,5,DVS,398,19.371029999999998,-99.16566,398 SANCHEZ AZCONA-FELIX CUEVAS,"397,399,400",22,BIKE,OPN,3104,DEL VALLE SUR
398,399 - Heriberto Frías-San Lorenzo,S/N,9,DVS,399,19.372407,-99.164519,399 HERIBERTO FRÍAS-SAN LORENZO,"397,398,400",27,BIKE,OPN,3104,DEL VALLE SUR
399,400 - San Lorenzo-Heriberto Frias,S/N,4,DVS,400,19.3726458,-99.1642743,400 SAN LORENZO-HERIBERTO FRIAS,"397,398,399",26,BIKE,OPN,3104,DEL VALLE SUR
400,401 - San Lorenzo-Avenida Cuauhtemoc,S/N,9,SCA,401,19.372147000000002,-99.16158,401 SAN LORENZO-AVENIDA CUAUHTEMOC,"400,402,403",24,BIKE,OPN,3310,SANTA CRUZ ATOYAC
401,402 - Uxmal-Municipio Libre,S/N,3,1,402,19.370945199999998,-99.1587223,402 UXMAL-MUNICIPIO LIBRE,"401,403,405",26,"BIKE,TPV",OPN,3310,SANTA CRUZ ATOYAC
402,403 - Uxmal-Municipio Libre,S/N,1,SCA,403,19.371371,-99.15863900000001,403 UXMAL-MUNICIPIO LIBRE,"401,402,405",29,BIKE,OPN,3310,SANTA CRUZ ATOYAC
403,404 - Miguel Laurent-Avenida División Del Norte,S/N,9,LEV,404,19.373813000000002,-99.157387,404 MIGUEL LAURENT-AVENIDA DIVISIÓN DEL NORTE,"402,403,405",21,BIKE,OPN,3650,PORTALES NORTE
404,405 - División Del Norte-Municipio Libre,S/N,8,PON,405,19.370619,-99.156626,405 DIVISIÓN DEL NORTE-MUNICIPIO LIBRE,"402,403,404",22,BIKE,OPN,3303,PORTALES NORTE
405,406 - Parroquia Av. Mexico-Coyoacan,S/N,9,SCA,406,19.367831,-99.163261,406 PARROQUIA AV. MEXICO-COYOACAN,"402,407,411",12,BIKE,OPN,3310,SANTA CRUZ ATOYAC
406,407 - Prolongación Xochicalco-General Emiliano Zapat,S/N,2,REE,407,19.367294,-99.158694,407 PROL. XOCHICALCO-GENERAL EMILIANO ZAPATA,"406,408,410",19,BIKE,OPN,3320,FRACC RES EMPERADORES
407,408 - Prolongación Petén-General Emiliano Zapata,S/N,1,REE,408,19.366770000000002,-99.15684300000001,408 PROLONGACIÓN PETÉN-GENERAL EMILIANO ZAPATA,"407,409,410",26,BIKE,OPN,3320,FRACC RES EMPERADORES
408,409 - Azores-División Del Norte,S/N,12,SCA,409,19.365102,-99.155499,409 AZORES-DIVISIÓN DEL NORTE,"408,410,430",12,BIKE,OPN,3310,SANTA CRUZ ATOYAC
409,410 - Prolongación Tajín-Prolongación Repúblicas,S/N,5,SCA,410,19.36564,-99.158063,410 PROLONGACIÓN TAJÍN-PROLONGACIÓN REPÚBLICAS,"407,408,409",19,BIKE,OPN,3310,SANTA CRUZ ATOYAC
410,411 - Parroquia-Avenida México-Coyoacan,S/N,8,SCA,411,19.367864,-99.16362600000001,411 PARROQUIA-AVENIDA MÉXICO-COYOACAN,"412,425,427",28,BIKE,OPN,3310,SANTA CRUZ ATOYAC
411,412 - Parroquia-Avenida Universidad,S/N,15,SCA,412,19.3684182,-99.1654145,412 PARROQUIA-AVENIDA UNIVERSIDAD,"411,425,426",21,"BIKE,TPV",OPN,3310,SANTA CRUZ ATOYAC
412,413 - Parroquia-Avenida Coyoacán,S/N,0,DVS,413,19.369782,-99.171906,413 PARROQUIA-AVENIDA COYOACÁN,"396,414,424",36,BIKE,OPN,3104,CENTRO URBANO PRESIDENTE ALEMAN
413,414 - Parroquia-José Ignacio Bartolache,S/N,0,DVS,414,19.370186999999998,-99.173712,414 PARROQUIA-JOSÉ IGNACIO BARTOLACHE,"413,415,423",30,BIKE,OPN,3104,DEL VALLE SUR
414,415 - San Francisco-Parroquía,S/N,2,DVS,415,19.371498000000003,-99.17602,415 SAN FRANCISCO-PARROQUÍA,"391,414,416",28,BIKE,OPN,3104,DEL VALLE SUR
415,416 - Recreo-Parroquía,S/N,12,1,416,19.371308,-99.177607,416 RECREO-PARROQUÍA,"390,391,415",18,BIKE,OPN,3104,DEL VALLE SUR
416,417 - Goya-Augusto Rodín,S/N,0,INM,417,19.373262,-99.184333,417 GOYA-AUGUSTO RODÍN,"384,385,386",30,"BIKE,TPV",OPN,3920,INSURGENTES MIXCOAC
417,418 - Galicia-Actipan,S/N,1,INM,418,19.371152,-99.18303399999999,418 GALICIA-ACTIPAN,"388,417,419",35,BIKE,OPN,3920,INSURGENTES MIXCOAC
418,419 - Actipan-Cadiz,S/N,17,INM,419,19.370606,-99.18150200000001,419 ACTIPAN-CADIZ,"418,420,421",13,BIKE,OPN,3920,INSURGENTES MIXCOAC
419,420 - María Luz Bringas-Oso,S/N,4,ACT,420,19.369723,-99.17964,420 MARÍA LUZ BRINGAS-OSO,"418,419,421",2,BIKE,OPN,3230,ACTIPAN
420,421 - María Luz Bringas-Oso,S/N,6,ACT,421,19.369467,-99.179401,421 MARÍA LUZ BRINGAS-OSO,"419,420,422",24,BIKE,OPN,3230,ACTIPAN
421,422 - Bufalo-José María Rico (Eje 8),S/N,2,ACT,422,19.368356,-99.177487,422 BUFALO-JOSÉ MARÍA RICO (EJE 8),"421,423,436",19,BIKE,OPN,3230,ACTIPAN
422,423 - Moras-José María Rico (Eje 8),S/N,9,ACA,423,19.367631,-99.175342,423 MORAS-JOSÉ MARÍA RICO (EJE 8),"422,436,437",15,BIKE,OPN,3240,ACACIAS
423,424 - Amores-José María Rico (Eje 8),S/N,10,DVS,424,19.367207999999998,-99.17053100000001,424 AMORES-JOSÉ MARÍA RICO (EJE 8),"413,425,435",5,BIKE,OPN,3104,DEL VALLE SUR
424,425 - Nicolas San Juan-Avenida Universidad,S/N,10,DVS,425,19.367086999999998,-99.16741,425 NICOLAS SAN JUAN-AVENIDA UNIVERSIDAD,"411,412,426",26,BIKE,OPN,3104,DEL VALLE SUR
425,426 - Cerrada De Popocatepetl-Av. Popocatepetl (Eje,S/N,14,XOC,426,19.365519,-99.16601700000001,426 CERRADA DE POPOCATEPETL-AV. POPOCATEPETL (EJE ,"411,412,425",22,BIKE,OPN,3330,XOCO
426,427 - Avenida México-Coyoacan-Av. Popocatepetl (Eje,S/N,1,SCA,427,19.365023,-99.162993,427 AVENIDA MÉXICO-COYOACAN-AV. POPOCATEPETL (EJE ,"411,412,426",19,BIKE,OPN,3310,SANTA CRUZ ATOYAC
427,428 - Prolongación Uxmal-Av. Popocatepetl (Eje 8),S/N,0,GPM,428,19.363418,-99.160353,428 PROLONGACIÓN UXMAL-AV. POPOCATEPETL (EJE 8),"427,430,431",27,BIKE,OPN,3340,GRAL PEDRO MARIA ANAYA
428,429 - Pirineos-Av. Popocatepetl (Eje 8),S/N,0,SCA,429,19.363070999999998,-99.158292,429 PIRINEOS-AV. POPOCATEPETL (EJE 8),"428,430,431",21,BIKE,OPN,3310,SANTA CRUZ ATOYAC
429,430 - Tripoli-Av. Popocatepetl (Eje 8),S/N,9,SCA,430,19.362139000000003,-99.154974,430 TRIPOLI-AV. POPOCATEPETL (EJE 8),"409,429,431",21,BIKE,OPN,3310,SANTA CRUZ ATOYAC
430,431 - Bruno Traven-Paz Montes De Oca,S/N,7,GPM,431,19.36145,-99.15822,431 BRUNO TRAVEN-PAZ MONTES DE OCA,"428,429,430",14,BIKE,OPN,3340,GRAL PEDRO MARIA ANAYA
431,432 - Carrillo Pto-Golondrinas,S/N,4,GPM,432,19.361296,-99.162581,432 CARRILLO PUERTO-AV. MÉXICO-COYOACÁN,"442,443,444",31,BIKE,OPN,3340,GRAL PEDRO MARIA ANAYA
432,433 - Jose María Olloqui-Lopéz Costilla,S/N,12,DVS,433,19.363557999999998,-99.170819,433 JOSE MARÍA OLLOQUI-LOPÉZ COSTILLA,"434,435,439",9,BIKE,OPN,3104,DEL VALLE SUR
433,434 - Jose María Olloqui-Amores,S/N,7,DVS,434,19.363741,-99.17126800000001,E434 JOSE MARÍA OLLOQUI-AMORES,"391,433,435",17,ELECTRIC_BIKE,OPN,3104,ACACIAS
434,435 - Rodriguez Saro-Avenida Coyoacán,S/N,7,ACT,435,19.365154,-99.17290600000001,435 RODRIGUEZ SARO-AVENIDA COYOACÁN,"433,434,438",29,BIKE,OPN,3230,DEL VALLE SUR
435,436 - Rodriguez Saro-Bufallo,S/N,19,ACA,436,19.366217000000002,-99.177819,436 RODRIGUEZ SARO-BUFALLO,"422,423,437",11,BIKE,OPN,3240,ACTIPAN
436,437 - Moras-Comunal,S/N,1,1,437,19.36480833,-99.17602222,437 MORAS-COMUNAL,"423,436,438",20,BIKE,OPN,3240,ACACIAS
437,438 - Adolfo Prieto-José María Olloqui,S/N,7,1,438,19.36479722,-99.17458333,438 ADOLFO PRIETO-JOSÉ MARÍA OLLOQUI,"434,435,437",17,BIKE,OPN,3240,ACACIAS
438,439 - Amores-Avenida Coyoacán,S/N,11,ACA,439,19.36218889,-99.17246667,439 AMORES-AVENIDA COYOACÁN,"433,434,438",6,BIKE,OPN,3240,ACACIAS
439,440 - Real De Mayorazgo-Puente Xoco,S/N,0,1,440,19.36065,-99.168669,440 REAL DE MAYORAZGO-PUENTE XOCO,"433,439,441",36,BIKE,OPN,3330,XOCO
440,441 - Puente Xoco-Real De Mayorazgo,S/N,6,XOC,441,19.361214999999998,-99.167527,441 PUENTE XOCO-REAL DE MAYORAZGO,"433,440,442",30,BIKE,OPN,3330,XOCO
441,442 - Real De Mayorazgo-Avenida México-Coyoacan,S/N,7,XOC,442,19.359904999999998,-99.1653,442 REAL DE MAYORAZGO-AVENIDA MÉXICO-COYOACAN,"432,443,444",17,"BIKE,TPV",OPN,3330,XOCO
442,443 - Bruno Trave-Avenida México-Coyoacan,S/N,13,1,443,19.359655,-99.162025,443 BRUNO TRAVEN-GOLONDRINAS,"432,442,444",17,BIKE,OPN,3340,GRAL PEDRO MARIA ANAYA
443,444 - General Manuel Rincón-Agustín Gutierrez,S/N,4,GPM,444,19.359384,-99.159425,444 GENERAL MANUEL RINCÓN-AGUSTÍN GUTIERREZ,"431,432,443",14,BIKE,OPN,3340,GRAL PEDRO MARIA ANAYA
444,445 - Riff-Avenida Rio Churubusco,S/N,1,GPM,445,19.35827,-99.15610500000001,E445 RIFF-AVENIDA RIO CHURUBUSCO,"431,434,446",23,ELECTRIC_BIKE,OPN,3340,GRAL PEDRO MARIA ANAYA
445,446 - Riff-Avenida Rio Churubusco,S/N,14,GPM,446,19.3586,-99.156101,446 RIFF-AVENIDA RIO CHURUBUSCO,"431,444,445",20,"BIKE,TPV",OPN,3340,GRAL PEDRO MARIA ANAYA
446,447 AGUSTÍN MELGAR-ZAMORA,S/N,4,JUA,447,19.418858,-99.176776,447 AGUSTÍN MELGAR-ZAMORA,447,23,BIKE,OPN,,CONDESA
447,DR. ANDRADE ARCOS DE BELÉN,S/N,1,,448,19.426610999999998,-99.14447,448 DR. ANDRADE - ARCOS DE BELÉN,448,28,"BIKE,TPV",OPN,,DOCTORES
448,449 ACAPULCO-PUEBLA,S/N,4,JUA,449,19.42018,-99.17439300000001,E449 ACAPULCO-PUEBLA,"33,36,37,139",20,ELECTRIC_BIKE,OPN,,ROMA NORTE
449,450 RAMOS ARIZPE-PUENTE DE ALVARADO,S/N,0,TAB,450,19.43836,-99.152226,450 RAMOS ARIZPE-PUENTE DE ALVARADO,450,29,BIKE,OPN,,TABACALERA
450,451 CAMPOS ELÍSEOS-GOLDSMITH,S/N,24,POL,451,19.42902,-99.20132199999999,451 CAMPOS ELÍSEOS-GOLDSMITH,451,12,BIKE,OPN,,POLANCO CHAPULTEPEC
451,452 LEIBNITZ-AV. EJERCITO NACIONAL,S/N,9,2,452,19.435031,-99.179838,452 LEIBNITZ-AV. EJERCITO NACIONAL,452,9,BIKE,OPN,,ANZURES
452,453 PEDREGAL-TEAPA,S/N,10,MDR,453,19.424842,-99.203739,453 PEDREGAL-TEAPA,"455,456,458",23,BIKE,OPN,,MOLINO DEL REY
453,454 MONTES URALES-MONTE PELVOUX,S/N,23,LMV,454,19.425905,-99.204236,E454 MONTES URALES-MONTE PELVOUX,"453,455,456,457,458,459",1,ELECTRIC_BIKE,OPN,,LOMAS DE CHAPULTEPEC
454,455 PEDREGAL-FERROCARRIL DE CUERNAVACA,S/N,18,LMV,455,19.426308,-99.20330200000001,455 PEDREGAL-FERROCARRIL DE CUERNAVACA,"453,456,458",5,BIKE,OPN,,2DA SECC DEL BOSQUE DE CHAPULTEPEC
455,456 ALPES-MONTES ESCANDINAVOS,S/N,20,LCH,456,19.427517,-99.208412,456 ALPES-MONTES ESCANDINAVOS,"453,455,458",4,BIKE,OPN,,LOMAS DE CHAPULTEPEC
456,457 AV. PRADO NORTE-EXPLANADA,S/N,16,LCH,457,19.42703,-99.212845,E457 AV. PRADO NORTE-EXPLANADA,"454,456,459",8,ELECTRIC_BIKE,OPN,,LOMAS DE CHAPULTEPEC
457,458 MONTES URALES-VOLCÁN,S/N,13,LCI,458,19.428679000000002,-99.20660500000001,458 MONTES URALES-VOLCÁN,"453,455,456",11,BIKE,OPN,,LOMAS DE CHAPULTEPEC
458,459 VOLCÁN-MONTES URALES,S/N,23,LCI,459,19.429243,-99.207267,E459 VOLCÁN-MONTES URALES,"454,457,458",1,ELECTRIC_BIKE,OPN,,LOMAS DE CHAPULTEPEC
459,460 JUAN VÁZQUEZ DE MELLA-HOMERO,S/R,22,POL,460,19.437014,-99.207932,460 JUAN VÁZQUEZ DE MELLA-HOMERO,"198,209,240",10,BIKE,OPN,,LOS MORALES
460,461 PRESA DON MARTÍN-BOULEVARD MIGUEL DE CERVANTES,S/N,11,IRR,461,19.440106,-99.210031,461 PRESA DON MARTÍN-BOULEVARD MIGUEL DE CERVANTES,"197,240,460",16,BIKE,OPN,,IRRIGACION
461,462 PRESA FALCÓN-DANXHÓ,S/N,20,IRR,462,19.442338,-99.205198,462 PRESA FALCÓN-DANXHÓ,"197,240,463",2,BIKE,OPN,,IRRIGACION
462,463 LAGO ANDRÓMACO-LAGO ZURICH,S/N,10,1,463,19.442338,-99.202492,463 LAGO ANDRÓMACO-LAGO ZURICH,"197,242,462",16,BIKE,OPN,,AMPL GRANADA
463,464 MATEO ALEMÁN-PROLONGACIÓN MOLIERE ,S/N ,14,AMG,464,19.442421,-99.199838,E464 MATEO ALEMÁN-PROLONGACIÓN MOLIERE ,"241,242,463,467",9,ELECTRIC_BIKE,OPN,,AMPL GRANADA
464,465 LAGUNA DE GINEBRA-LAGO WETTER,S/N,16,CUP,465,19.445039,-99.194078,465 LAGUNA DE GINEBRA-LAGO WETTER,"243,244,466",9,BIKE,OPN,,CUAUHTEMOC PENSIL
465,466  LAGO ONEGA-LAGO LADOGA,S/N,9,ANH,466,19.44269,-99.19083,466  LAGO ONEGA-LAGO LADOGA,"243,244,465",15,BIKE,OPN,,ANAHUAC DOS LAGOS
466,467  LAGO MAYOR-LAGO ALBERTO,S/N,0,GRA,467,19.440399,-99.186784,E467  LAGO MAYOR-LAGO ALBERTO,"464,472,479",24,ELECTRIC_BIKE,OPN,,GRANADA
467,468 LAGO XOCHIMILCO-AV. EJÉRCITO NACIONAL,S/N,15,ANI,468,19.4366022,-99.1796833,468 LAGO XOCHIMILCO-AV. EJÉRCITO NACIONAL,"452,474,475",18,BIKE,OPN,,ANAHUAC
468,469BAHÍA DELA CONCEPCIÓN-BAHÍA DE TODOS LOS SANTOS,S/N,0,2,469,19.434182999999997,-99.173089,E469 BAHÍA DE LA CONCEPCIÓN-BAHÍA DE TODOS LOS SAN,"247,470,472",24,ELECTRIC_BIKE,OPN,,VERONICA ANZURES
469,470 BAHÍA DE LAS PALMAS-BAHÍA DE TODOS LOS SANTOS ,S/N,20,2,470,19.435039,-99.173879,470 BAHÍA DE LAS PALMAS-BAHÍA DE TODOS LOS SANTOS,"471,473",7,BIKE,OPN,,VERONICA ANZURES
470,471 BAHÍA DE CHACHALACAS-BAHÍA SANTA BÁRBARA ,S/N,11,2,471,19.436287,-99.174888,471 BAHÍA DE CHACHALACAS-BAHÍA SANTA BÁRBARA ,"470,473,474",13,BIKE,OPN,,VERONICA ANZURES
471,472 BAHÍA SANTA BÁRBARA-BAHÍA DE BALLENAS ,S/N,4,2,472,19.437667,-99.17711,E472 BAHÍA SANTA BÁRBARA-BAHÍA DE BALLENAS ,"247,469,471,473,474,479",20,ELECTRIC_BIKE,OPN,,VERONICA ANZURES
472,473 BAHÍA DEL ESPÍRITU SANTO-BAHÍA DE BANDERAS,S/N,9,2,473,19.438143,-99.17519,473 BAHÍA DEL ESPÍRITU SANTO-BAHÍA DE BANDERAS,"471,474,478",25,"BIKE,TPV",OPN,,VERONICA ANZURES
473,474 BAHÍA DE SAN HIPÓLITO-BAHÍA DEL ESPÍRITU SANTO,S/N,0,ANI,474,19.438984,-99.177549,474 BAHÍA DE SAN HIPÓLITO-BAHÍA DEL ESPÍRITU SANTO,"473,475,478",33,BIKE,OPN,,ANAHUAC
474,475 LAGO MURITZ-LAGO ALBERTO,S/N,13,ANI,475,19.439249,-99.181065,475 LAGO MURITZ-LAGO ALBERTO,"468,474,477",8,BIKE,OPN,,ANAHUAC
475,476 LAGO COMO-LAGUNA DE MAYRÁN,S/N,7,GRA,476,19.442127,-99.184433,476 LAGO COMO-LAGUNA DE MAYRÁN,"475,477",28,"BIKE,TPV",OPN,,GRANADA
476,477 LAGO ISEO-LAGUNA DE MAYRÁN ,S/N,19,ANI,477,19.440904999999997,-99.18174300000001,477 LAGO ISEO-LAGUNA DE MAYRÁN ,"475,476,478",5,BIKE,OPN,,ANAHUAC
477,478 LAGUNA DE MAYRÁN-LAGO CHALCO,S/N,5,ANI,478,19.440818,-99.176961,478 LAGUNA DE MAYRÁN-LAGO CHALCO,"473,474,477",21,BIKE,OPN,,ANAHUAC
478,479 LAGO MURITZ-AV.MARINA NACIONAL,S/N,2,AME,479,19.444433,-99.179664,E479 LAGO MURITZ-AV. MARINA NACIONAL,"467,469,472,476,477,478",22,ELECTRIC_BIKE,OPN,,ANAHUAC MARIANO ESCOBEDO
479,480 LAGO ISEO-AV. MARINA NACIONAL,S/N,4,AME,480,19.446073000000002,-99.18165400000001,480 LAGO ISEO-AV. MARINA NACIONAL,"476,477,478",11,BIKE,OPN,,ANAHUAC MARIANO ESCOBEDO
